date,target,month,Summer,Winter,Autumn,Spring,quarter_1,quarter_2,quarter_3,quarter_4,Monday,Tuesday,Wednesday,Thursday,Friday,Saturday,Sunday,weekend,holidays_flag,vacations_flag,temp,humidity,wind,raining
9/16/2022,89,1,0,1,0,0,1,0,0,0,0,0,0,0,1,0,0,1,0,0,None,None,None,None
9/17/2022,3,1,0,1,0,0,1,0,0,0,0,0,0,0,0,1,0,1,0,0,None,None,None,None
9/18/2022,263,1,0,1,0,0,1,0,0,0,0,0,0,0,0,0,1,0,0,0,None,None,None,None
9/19/2022,257,2,0,1,0,0,1,0,0,0,1,0,0,0,0,0,0,0,0,0,None,None,None,None
9/20/2022,233,2,0,1,0,0,1,0,0,0,0,1,0,0,0,0,0,0,0,0,None,None,None,None
9/21/2022,231,2,0,1,0,0,1,0,0,0,0,0,1,0,0,0,0,0,0,0,None,None,None,None
9/22/2022,240,2,0,1,0,0,1,0,0,0,0,0,0,1,0,0,0,0,0,0,None,None,None,None
9/23/2022,101,2,0,1,0,0,1,0,0,0,0,0,0,0,1,0,0,1,0,0,None,None,None,None
9/24/2022,4,2,0,1,0,0,1,0,0,0,0,0,0,0,0,1,0,1,0,0,None,None,None,None
9/25/2022,197,2,0,1,0,0,1,0,0,0,0,0,0,0,0,0,1,0,0,0,None,None,None,None
9/26/2022,251,2,0,1,0,0,1,0,0,0,1,0,0,0,0,0,0,0,0,0,None,None,None,None
9/27/2022,209,2,0,1,0,0,1,0,0,0,0,1,0,0,0,0,0,0,0,0,None,None,None,None
9/28/2022,201,2,0,1,0,0,1,0,0,0,0,0,1,0,0,0,0,0,0,0,None,None,None,None
9/29/2022,211,2,0,1,0,0,1,0,0,0,0,0,0,1,0,0,0,0,0,0,None,None,None,None
9/30/2022,125,2,0,1,0,0,1,0,0,0,0,0,0,0,1,0,0,1,0,0,None,None,None,None
10/01/2022,1,2,0,1,0,0,1,0,0,0,0,0,0,0,0,1,0,1,0,0,None,None,None,None
10/02/2022,205,2,0,1,0,0,1,0,0,0,0,0,0,0,0,0,1,0,0,0,None,None,None,None
10/03/2022,236,2,0,1,0,0,1,0,0,0,1,0,0,0,0,0,0,0,0,0,None,None,None,None
10/04/2022,240,2,0,1,0,0,1,0,0,0,0,1,0,0,0,0,0,0,0,0,None,None,None,None
10/05/2022,203,2,0,1,0,0,1,0,0,0,0,0,1,0,0,0,0,0,0,0,None,None,None,None
10/06/2022,216,2,0,1,0,0,1,0,0,0,0,0,0,1,0,0,0,0,0,0,None,None,None,None
10/07/2022,97,2,0,1,0,0,1,0,0,0,0,0,0,0,1,0,0,1,0,0,None,None,None,None
10/08/2022,3,2,0,1,0,0,1,0,0,0,0,0,0,0,0,1,0,1,0,0,None,None,None,None
10/09/2022,229,2,0,1,0,0,1,0,0,0,0,0,0,0,0,0,1,0,0,0,None,None,None,None
10/10/2022,201,2,0,1,0,0,1,0,0,0,1,0,0,0,0,0,0,0,0,0,None,None,None,None
10/11/2022,281,2,0,1,0,0,1,0,0,0,0,1,0,0,0,0,0,0,0,0,None,None,None,None
10/12/2022,241,2,0,1,0,0,1,0,0,0,0,0,1,0,0,0,0,0,0,0,None,None,None,None
10/13/2022,273,2,0,1,0,0,1,0,0,0,0,0,0,1,0,0,0,0,0,0,None,None,None,None
10/14/2022,91,2,0,1,0,0,1,0,0,0,0,0,0,0,1,0,0,1,0,0,None,None,None,None
10/15/2022,3,2,0,1,0,0,1,0,0,0,0,0,0,0,0,1,0,1,0,0,None,None,None,None
10/16/2022,251,2,0,1,0,0,1,0,0,0,0,0,0,0,0,0,1,0,0,0,None,None,None,None
10/17/2022,236,2,0,1,0,0,1,0,0,0,1,0,0,0,0,0,0,0,0,0,None,None,None,None
10/18/2022,268,3,0,0,0,1,1,0,0,0,0,1,0,0,0,0,0,0,0,0,None,None,None,None
10/19/2022,245,3,0,0,0,1,1,0,0,0,0,0,1,0,0,0,0,0,0,0,None,None,None,None
10/20/2022,228,3,0,0,0,1,1,0,0,0,0,0,0,1,0,0,0,0,0,0,None,None,None,None
10/21/2022,101,3,0,0,0,1,1,0,0,0,0,0,0,0,1,0,0,1,0,0,None,None,None,None
10/22/2022,0,3,0,0,0,1,1,0,0,0,0,0,0,0,0,1,0,1,0,0,None,None,None,None
10/23/2022,213,3,0,0,0,1,1,0,0,0,0,0,0,0,0,0,1,0,0,0,None,None,None,None
10/24/2022,211,3,0,0,0,1,1,0,0,0,1,0,0,0,0,0,0,0,0,0,None,None,None,None
10/25/2022,233,3,0,0,0,1,1,0,0,0,0,1,0,0,0,0,0,0,0,0,None,None,None,None
10/26/2022,207,3,0,0,0,1,1,0,0,0,0,0,1,0,0,0,0,0,0,0,None,None,None,None
10/27/2022,173,3,0,0,0,1,1,0,0,0,0,0,0,1,0,0,0,0,0,0,None,None,None,None
10/28/2022,77,3,0,0,0,1,1,0,0,0,0,0,0,0,1,0,0,1,0,0,None,None,None,None
10/29/2022,0,3,0,0,0,1,1,0,0,0,0,0,0,0,0,1,0,1,0,0,None,None,None,None
10/30/2022,213,3,0,0,0,1,1,0,0,0,0,0,0,0,0,0,1,0,0,0,None,None,None,None
10/31/2022,211,3,0,0,0,1,1,0,0,0,1,0,0,0,0,0,0,0,0,0,None,None,None,None
11/01/2022,201,3,0,0,0,1,1,0,0,0,0,1,0,0,0,0,0,0,0,0,None,None,None,None
11/02/2022,156,3,0,0,0,1,1,0,0,0,0,0,1,0,0,0,0,0,0,0,None,None,None,None
11/03/2022,193,3,0,0,0,1,1,0,0,0,0,0,0,1,0,0,0,0,0,0,None,None,None,None
11/04/2022,79,3,0,0,0,1,1,0,0,0,0,0,0,0,1,0,0,1,0,0,None,None,None,None
11/05/2022,3,3,0,0,0,1,1,0,0,0,0,0,0,0,0,1,0,1,0,0,None,None,None,None
11/06/2022,156,3,0,0,0,1,1,0,0,0,0,0,0,0,0,0,1,0,0,0,None,None,None,None
11/07/2022,187,3,0,0,0,1,1,0,0,0,1,0,0,0,0,0,0,0,0,0,None,None,None,None
11/08/2022,175,3,0,0,0,1,1,0,0,0,0,1,0,0,0,0,0,0,0,0,None,None,None,None
11/09/2022,177,3,0,0,0,1,1,0,0,0,0,0,1,0,0,0,0,0,0,0,None,None,None,None
11/10/2022,173,3,0,0,0,1,1,0,0,0,0,0,0,1,0,0,0,0,0,0,None,None,None,None
11/11/2022,61,3,0,0,0,1,1,0,0,0,0,0,0,0,1,0,0,1,0,0,None,None,None,None
11/12/2022,1,3,0,0,0,1,1,0,0,0,0,0,0,0,0,1,0,1,0,0,None,None,None,None
11/13/2022,176,3,0,0,0,1,1,0,0,0,0,0,0,0,0,0,1,0,0,0,None,None,None,None
11/14/2022,176,3,0,0,0,1,1,0,0,0,1,0,0,0,0,0,0,0,0,0,None,None,None,None
11/15/2022,180,3,0,0,0,1,1,0,0,0,0,1,0,0,0,0,0,0,0,0,None,None,None,None
11/16/2022,153,3,0,0,0,1,1,0,0,0,0,0,1,0,0,0,0,0,0,0,None,None,None,None
11/17/2022,176,3,0,0,0,1,1,0,0,0,0,0,0,1,0,0,0,0,0,0,None,None,None,None
11/18/2022,45,4,0,0,0,1,0,1,0,0,0,0,0,0,1,0,0,1,0,0,None,None,None,None
11/19/2022,3,4,0,0,0,1,0,1,0,0,0,0,0,0,0,1,0,1,0,0,None,None,None,None
11/20/2022,199,4,0,0,0,1,0,1,0,0,0,0,0,0,0,0,1,0,0,0,None,None,None,None
11/21/2022,168,4,0,0,0,1,0,1,0,0,1,0,0,0,0,0,0,0,0,0,None,None,None,None
11/22/2022,193,4,0,0,0,1,0,1,0,0,0,1,0,0,0,0,0,0,0,0,None,None,None,None
11/23/2022,132,4,0,0,0,1,0,1,0,0,0,0,1,0,0,0,0,0,0,0,None,None,None,None
11/24/2022,171,4,0,0,0,1,0,1,0,0,0,0,0,1,0,0,0,0,0,0,None,None,None,None
11/25/2022,63,4,0,0,0,1,0,1,0,0,0,0,0,0,1,0,0,1,0,0,None,None,None,None
11/26/2022,3,4,0,0,0,1,0,1,0,0,0,0,0,0,0,1,0,1,0,0,None,None,None,None
11/27/2022,159,4,0,0,0,1,0,1,0,0,0,0,0,0,0,0,1,0,0,0,None,None,None,None
11/28/2022,176,4,0,0,0,1,0,1,0,0,1,0,0,0,0,0,0,0,0,0,None,None,None,None
11/29/2022,183,4,0,0,0,1,0,1,0,0,0,1,0,0,0,0,0,0,0,0,None,None,None,None
11/30/2022,155,4,0,0,0,1,0,1,0,0,0,0,1,0,0,0,0,0,0,0,None,None,None,None
12/01/2022,148,4,0,0,0,1,0,1,0,0,0,0,0,1,0,0,0,0,0,0,None,None,None,None
12/02/2022,60,4,0,0,0,1,0,1,0,0,0,0,0,0,1,0,0,1,0,0,None,None,None,None
12/03/2022,1,4,0,0,0,1,0,1,0,0,0,0,0,0,0,1,0,1,0,0,None,None,None,None
12/04/2022,168,4,0,0,0,1,0,1,0,0,0,0,0,0,0,0,1,0,0,0,None,None,None,None
12/05/2022,179,4,0,0,0,1,0,1,0,0,1,0,0,0,0,0,0,0,0,0,None,None,None,None
12/06/2022,189,4,0,0,0,1,0,1,0,0,0,1,0,0,0,0,0,0,0,0,None,None,None,None
12/07/2022,179,4,0,0,0,1,0,1,0,0,0,0,1,0,0,0,0,0,0,0,None,None,None,None
12/08/2022,121,4,0,0,0,1,0,1,0,0,0,0,0,1,0,0,0,0,0,0,None,None,None,None
12/09/2022,71,4,0,0,0,1,0,1,0,0,0,0,0,0,1,0,0,1,0,0,None,None,None,None
12/10/2022,3,4,0,0,0,1,0,1,0,0,0,0,0,0,0,1,0,1,1,0,None,None,None,None
12/11/2022,160,4,0,0,0,1,0,1,0,0,0,0,0,0,0,0,1,0,1,0,None,None,None,None
12/12/2022,177,4,0,0,0,1,0,1,0,0,1,0,0,0,0,0,0,0,1,0,None,None,None,None
12/13/2022,187,4,0,0,0,1,0,1,0,0,0,1,0,0,0,0,0,0,1,0,None,None,None,None
12/14/2022,207,4,0,0,0,1,0,1,0,0,0,0,1,0,0,0,0,0,1,0,None,None,None,None
12/15/2022,232,4,0,0,0,1,0,1,0,0,0,0,0,1,0,0,0,0,1,0,None,None,None,None
12/16/2022,61,4,0,0,0,1,0,1,0,0,0,0,0,0,1,0,0,1,1,0,None,None,None,None
12/17/2022,3,4,0,0,0,1,0,1,0,0,0,0,0,0,0,1,0,1,0,0,None,None,None,None
12/18/2022,212,5,0,0,0,1,0,1,0,0,0,0,0,0,0,0,1,0,0,0,None,None,None,None
12/19/2022,204,5,0,0,0,1,0,1,0,0,1,0,0,0,0,0,0,0,0,0,None,None,None,None
12/20/2022,157,5,0,0,0,1,0,1,0,0,0,1,0,0,0,0,0,0,0,0,None,None,None,None
12/21/2022,209,5,0,0,0,1,0,1,0,0,0,0,1,0,0,0,0,0,0,0,None,None,None,None
12/22/2022,224,5,0,0,0,1,0,1,0,0,0,0,0,1,0,0,0,0,0,0,None,None,None,None
12/23/2022,83,5,0,0,0,1,0,1,0,0,0,0,0,0,1,0,0,1,0,0,None,None,None,None
12/24/2022,8,5,0,0,0,1,0,1,0,0,0,0,0,0,0,1,0,1,0,0,None,None,None,None
12/25/2022,207,5,0,0,0,1,0,1,0,0,0,0,0,0,0,0,1,0,0,0,None,None,None,None
12/26/2022,207,5,0,0,0,1,0,1,0,0,1,0,0,0,0,0,0,0,0,0,None,None,None,None
12/27/2022,185,5,0,0,0,1,0,1,0,0,0,1,0,0,0,0,0,0,0,0,None,None,None,None
12/28/2022,211,5,0,0,0,1,0,1,0,0,0,0,1,0,0,0,0,0,0,0,None,None,None,None
12/29/2022,251,5,0,0,0,1,0,1,0,0,0,0,0,1,0,0,0,0,0,0,None,None,None,None
12/30/2022,52,5,0,0,0,1,0,1,0,0,0,0,0,0,1,0,0,1,0,0,None,None,None,None
12/31/2022,5,5,0,0,0,1,0,1,0,0,0,0,0,0,0,1,0,1,0,0,None,None,None,None
01/01/2023,259,5,0,0,0,1,0,1,0,0,0,0,0,0,0,0,1,0,0,0,None,None,None,None
01/02/2023,235,5,0,0,0,1,0,1,0,0,1,0,0,0,0,0,0,0,0,0,None,None,None,None
01/03/2023,220,5,0,0,0,1,0,1,0,0,0,1,0,0,0,0,0,0,0,0,None,None,None,None
01/04/2023,212,5,0,0,0,1,0,1,0,0,0,0,1,0,0,0,0,0,0,0,None,None,None,None
01/05/2023,244,5,0,0,0,1,0,1,0,0,0,0,0,1,0,0,0,0,0,0,None,None,None,None
01/06/2023,63,5,0,0,0,1,0,1,0,0,0,0,0,0,1,0,0,1,0,0,None,None,None,None
01/07/2023,3,5,0,0,0,1,0,1,0,0,0,0,0,0,0,1,0,1,0,0,None,None,None,None
01/08/2023,207,5,0,0,0,1,0,1,0,0,0,0,0,0,0,0,1,0,0,0,None,None,None,None
01/09/2023,213,5,0,0,0,1,0,1,0,0,1,0,0,0,0,0,0,0,0,0,None,None,None,None
01/10/2023,188,5,0,0,0,1,0,1,0,0,0,1,0,0,0,0,0,0,0,0,None,None,None,None
01/11/2023,204,5,0,0,0,1,0,1,0,0,0,0,1,0,0,0,0,0,0,0,None,None,None,None
01/12/2023,89,5,0,0,0,1,0,1,0,0,0,0,0,1,0,0,0,0,0,0,None,None,None,None
1/13/2023,11,5,0,0,0,1,0,1,0,0,0,0,0,0,1,0,0,1,0,0,None,None,None,None
1/14/2023,5,5,0,0,0,1,0,1,0,0,0,0,0,0,0,1,0,1,0,0,None,None,None,None
1/15/2023,201,5,0,0,0,1,0,1,0,0,0,0,0,0,0,0,1,0,0,0,None,None,None,None
1/16/2023,235,5,0,0,0,1,0,1,0,0,1,0,0,0,0,0,0,0,0,0,None,None,None,None
1/17/2023,249,5,0,0,0,1,0,1,0,0,0,1,0,0,0,0,0,0,0,0,None,None,None,None
1/18/2023,223,6,1,0,0,0,0,1,0,0,0,0,1,0,0,0,0,0,0,0,None,None,None,None
1/19/2023,256,6,1,0,0,0,0,1,0,0,0,0,0,1,0,0,0,0,0,0,None,None,None,None
1/20/2023,76,6,1,0,0,0,0,1,0,0,0,0,0,0,1,0,0,1,0,0,None,None,None,None
1/21/2023,5,6,1,0,0,0,0,1,0,0,0,0,0,0,0,1,0,1,0,0,None,None,None,None
1/22/2023,200,6,1,0,0,0,0,1,0,0,0,0,0,0,0,0,1,0,0,0,None,None,None,None
1/23/2023,244,6,1,0,0,0,0,1,0,0,1,0,0,0,0,0,0,0,0,0,None,None,None,None
1/24/2023,199,6,1,0,0,0,0,1,0,0,0,1,0,0,0,0,0,0,0,0,None,None,None,None
1/25/2023,84,6,1,0,0,0,0,1,0,0,0,0,1,0,0,0,0,0,0,0,None,None,None,None
1/26/2023,1,6,1,0,0,0,0,1,0,0,0,0,0,1,0,0,0,0,0,0,None,None,None,None
1/27/2023,68,6,1,0,0,0,0,1,0,0,0,0,0,0,1,0,0,1,0,0,None,None,None,None
1/28/2023,4,6,1,0,0,0,0,1,0,0,0,0,0,0,0,1,0,1,0,0,None,None,None,None
1/29/2023,220,6,1,0,0,0,0,1,0,0,0,0,0,0,0,0,1,0,1,0,None,None,None,None
1/30/2023,264,6,1,0,0,0,0,1,0,0,1,0,0,0,0,0,0,0,0,0,None,None,None,None
1/31/2023,196,6,1,0,0,0,0,1,0,0,0,1,0,0,0,0,0,0,0,0,None,None,None,None
02/01/2023,221,6,1,0,0,0,0,1,0,0,0,0,1,0,0,0,0,0,0,0,None,None,None,None
02/02/2023,216,6,1,0,0,0,0,1,0,0,0,0,0,1,0,0,0,0,0,0,None,None,None,None
02/03/2023,75,6,1,0,0,0,0,1,0,0,0,0,0,0,1,0,0,1,0,0,None,None,None,None
02/04/2023,1,6,1,0,0,0,0,1,0,0,0,0,0,0,0,1,0,1,0,0,None,None,None,None
02/05/2023,233,6,1,0,0,0,0,1,0,0,0,0,0,0,0,0,1,0,0,0,None,None,None,None
02/06/2023,244,6,1,0,0,0,0,1,0,0,1,0,0,0,0,0,0,0,0,0,None,None,None,None
02/07/2023,219,6,1,0,0,0,0,1,0,0,0,1,0,0,0,0,0,0,0,0,None,None,None,None
02/08/2023,208,6,1,0,0,0,0,1,0,0,0,0,1,0,0,0,0,0,0,0,None,None,None,None
02/09/2023,208,6,1,0,0,0,0,1,0,0,0,0,0,1,0,0,0,0,0,0,None,None,None,None
02/10/2023,39,6,1,0,0,0,0,1,0,0,0,0,0,0,1,0,0,1,0,0,None,None,None,None
02/11/2023,5,6,1,0,0,0,0,1,0,0,0,0,0,0,0,1,0,1,0,0,None,None,None,None
02/12/2023,177,6,1,0,0,0,0,1,0,0,0,0,0,0,0,0,1,0,0,0,None,None,None,None
2/13/2023,199,6,1,0,0,0,0,1,0,0,1,0,0,0,0,0,0,0,0,0,None,None,None,None
2/14/2023,192,6,1,0,0,0,0,1,0,0,0,1,0,0,0,0,0,0,0,0,None,None,None,None
2/15/2023,229,6,1,0,0,0,0,1,0,0,0,0,1,0,0,0,0,0,0,0,None,None,None,None
2/16/2023,203,6,1,0,0,0,0,1,0,0,0,0,0,1,0,0,0,0,0,0,None,None,None,None
2/17/2023,64,7,1,0,0,0,0,0,1,0,0,0,0,0,1,0,0,1,0,0,None,None,None,None
2/18/2023,1,7,1,0,0,0,0,0,1,0,0,0,0,0,0,1,0,1,0,0,None,None,None,None
2/19/2023,257,7,1,0,0,0,0,0,1,0,0,0,0,0,0,0,1,0,0,0,None,None,None,None
2/20/2023,219,7,1,0,0,0,0,0,1,0,1,0,0,0,0,0,0,0,0,0,None,None,None,None
2/21/2023,225,7,1,0,0,0,0,0,1,0,0,1,0,0,0,0,0,0,0,0,None,None,None,None
2/22/2023,184,7,1,0,0,0,0,0,1,0,0,0,1,0,0,0,0,0,0,0,None,None,None,None
2/23/2023,207,7,1,0,0,0,0,0,1,0,0,0,0,1,0,0,0,0,0,0,None,None,None,None
2/24/2023,49,7,1,0,0,0,0,0,1,0,0,0,0,0,1,0,0,1,0,0,None,None,None,None
2/25/2023,5,7,1,0,0,0,0,0,1,0,0,0,0,0,0,1,0,1,0,0,None,None,None,None
2/26/2023,7,7,1,0,0,0,0,0,1,0,0,0,0,0,0,0,1,0,0,0,None,None,None,None
2/27/2023,233,7,1,0,0,0,0,0,1,0,1,0,0,0,0,0,0,0,0,0,None,None,None,None
2/28/2023,279,7,1,0,0,0,0,0,1,0,0,1,0,0,0,0,0,0,0,0,None,None,None,None
03/01/2023,197,7,1,0,0,0,0,0,1,0,0,0,1,0,0,0,0,0,0,0,None,None,None,None
03/02/2023,229,7,1,0,0,0,0,0,1,0,0,0,0,1,0,0,0,0,0,0,None,None,None,None
03/03/2023,68,7,1,0,0,0,0,0,1,0,0,0,0,0,1,0,0,1,0,0,None,None,None,None
03/04/2023,5,7,1,0,0,0,0,0,1,0,0,0,0,0,0,1,0,1,0,0,None,None,None,None
03/05/2023,241,7,1,0,0,0,0,0,1,0,0,0,0,0,0,0,1,0,0,0,None,None,None,None
03/06/2023,232,7,1,0,0,0,0,0,1,0,1,0,0,0,0,0,0,0,0,0,None,None,None,None
03/07/2023,232,7,1,0,0,0,0,0,1,0,0,1,0,0,0,0,0,0,0,0,None,None,None,None
03/08/2023,209,7,1,0,0,0,0,0,1,0,0,0,1,0,0,0,0,0,0,0,None,None,None,None
03/09/2023,221,7,1,0,0,0,0,0,1,0,0,0,0,1,0,0,0,0,0,0,None,None,None,None
03/10/2023,59,7,1,0,0,0,0,0,1,0,0,0,0,0,1,0,0,1,0,0,None,None,None,None
03/11/2023,4,7,1,0,0,0,0,0,1,0,0,0,0,0,0,1,0,1,0,0,None,None,None,None
03/12/2023,220,7,1,0,0,0,0,0,1,0,0,0,0,0,0,0,1,0,0,0,None,None,None,None
3/13/2023,245,7,1,0,0,0,0,0,1,0,1,0,0,0,0,0,0,0,0,0,None,None,None,None
3/14/2023,215,7,1,0,0,0,0,0,1,0,0,1,0,0,0,0,0,0,0,0,None,None,None,None
3/15/2023,208,7,1,0,0,0,0,0,1,0,0,0,1,0,0,0,0,0,0,0,None,None,None,None
3/16/2023,184,7,1,0,0,0,0,0,1,0,0,0,0,1,0,0,0,0,0,0,None,None,None,None
3/17/2023,55,7,1,0,0,0,0,0,1,0,0,0,0,0,1,0,0,1,0,0,None,None,None,None
3/18/2023,5,7,1,0,0,0,0,0,1,0,0,0,0,0,0,1,0,1,0,0,None,None,None,None
3/19/2023,199,7,1,0,0,0,0,0,1,0,0,0,0,0,0,0,1,0,0,0,None,None,None,None
3/20/2023,248,8,1,0,0,0,0,0,1,0,1,0,0,0,0,0,0,0,0,0,None,None,None,None
3/21/2023,267,8,1,0,0,0,0,0,1,0,0,1,0,0,0,0,0,0,0,0,None,None,None,None
3/22/2023,192,8,1,0,0,0,0,0,1,0,0,0,1,0,0,0,0,0,0,0,None,None,None,None
3/23/2023,244,8,1,0,0,0,0,0,1,0,0,0,0,1,0,0,0,0,0,0,None,None,None,None
3/24/2023,64,8,1,0,0,0,0,0,1,0,0,0,0,0,1,0,0,1,0,0,None,None,None,None
3/25/2023,4,8,1,0,0,0,0,0,1,0,0,0,0,0,0,1,0,1,0,0,None,None,None,None
3/26/2023,263,8,1,0,0,0,0,0,1,0,0,0,0,0,0,0,1,0,0,0,None,None,None,None
3/27/2023,245,8,1,0,0,0,0,0,1,0,1,0,0,0,0,0,0,0,0,0,None,None,None,None
3/28/2023,195,8,1,0,0,0,0,0,1,0,0,1,0,0,0,0,0,0,0,0,None,None,None,None
3/29/2023,221,8,1,0,0,0,0,0,1,0,0,0,1,0,0,0,0,0,0,0,None,None,None,None
3/30/2023,217,8,1,0,0,0,0,0,1,0,0,0,0,1,0,0,0,0,0,0,None,None,None,None
3/31/2023,37,8,1,0,0,0,0,0,1,0,0,0,0,0,1,0,0,1,0,0,None,None,None,None
04/01/2023,11,8,1,0,0,0,0,0,1,0,0,0,0,0,0,1,0,1,0,0,None,None,None,None
04/02/2023,247,8,1,0,0,0,0,0,1,0,0,0,0,0,0,0,1,0,0,0,None,None,None,None
04/03/2023,236,8,1,0,0,0,0,0,1,0,1,0,0,0,0,0,0,0,0,0,None,None,None,None
04/04/2023,252,8,1,0,0,0,0,0,1,0,0,1,0,0,0,0,0,0,0,0,None,None,None,None
04/05/2023,255,8,1,0,0,0,0,0,1,0,0,0,1,0,0,0,0,0,0,0,None,None,None,None
04/06/2023,196,8,1,0,0,0,0,0,1,0,0,0,0,1,0,0,0,0,0,0,None,None,None,None
04/07/2023,61,8,1,0,0,0,0,0,1,0,0,0,0,0,1,0,0,1,0,0,None,None,None,None
04/08/2023,4,8,1,0,0,0,0,0,1,0,0,0,0,0,0,1,0,1,0,0,None,None,None,None
04/09/2023,209,8,1,0,0,0,0,0,1,0,0,0,0,0,0,0,1,0,0,0,None,None,None,None
04/10/2023,239,8,1,0,0,0,0,0,1,0,1,0,0,0,0,0,0,0,0,0,None,None,None,None
04/11/2023,237,8,1,0,0,0,0,0,1,0,0,1,0,0,0,0,0,0,0,0,None,None,None,None
04/12/2023,231,8,1,0,0,0,0,0,1,0,0,0,1,0,0,0,0,0,0,0,None,None,None,None
4/13/2023,223,8,1,0,0,0,0,0,1,0,0,0,0,1,0,0,0,0,0,0,None,None,None,None
4/14/2023,43,8,1,0,0,0,0,0,1,0,0,0,0,0,1,0,0,1,0,0,None,None,None,None
4/15/2023,9,8,1,0,0,0,0,0,1,0,0,0,0,0,0,1,0,1,0,0,None,None,None,None
4/16/2023,204,8,1,0,0,0,0,0,1,0,0,0,0,0,0,0,1,0,0,0,None,None,None,None
4/17/2023,209,8,1,0,0,0,0,0,1,0,1,0,0,0,0,0,0,0,0,0,None,None,None,None
4/18/2023,248,8,1,0,0,0,0,0,1,0,0,1,0,0,0,0,0,0,0,0,None,None,None,None
4/19/2023,248,8,1,0,0,0,0,0,1,0,0,0,1,0,0,0,0,0,0,0,None,None,None,None
4/20/2023,252,9,0,0,1,0,0,0,1,0,0,0,0,1,0,0,0,0,0,0,None,None,None,None
4/21/2023,61,9,0,0,1,0,0,0,1,0,0,0,0,0,1,0,0,1,0,0,None,None,None,None
4/22/2023,7,9,0,0,1,0,0,0,1,0,0,0,0,0,0,1,0,1,0,0,None,None,None,None
4/23/2023,199,9,0,0,1,0,0,0,1,0,0,0,0,0,0,0,1,0,0,0,None,None,None,None
4/24/2023,245,9,0,0,1,0,0,0,1,0,1,0,0,0,0,0,0,0,0,0,None,None,None,None
4/25/2023,251,9,0,0,1,0,0,0,1,0,0,1,0,0,0,0,0,0,0,0,None,None,None,None
4/26/2023,244,9,0,0,1,0,0,0,1,0,0,0,1,0,0,0,0,0,0,0,None,None,None,None
4/27/2023,231,9,0,0,1,0,0,0,1,0,0,0,0,1,0,0,0,0,0,0,None,None,None,None
4/28/2023,64,9,0,0,1,0,0,0,1,0,0,0,0,0,1,0,0,1,0,0,None,None,None,None
4/29/2023,1,9,0,0,1,0,0,0,1,0,0,0,0,0,0,1,0,1,0,0,None,None,None,None
4/30/2023,233,9,0,0,1,0,0,0,1,0,0,0,0,0,0,0,1,0,0,0,None,None,None,None
05/01/2023,300,9,0,0,1,0,0,0,1,0,1,0,0,0,0,0,0,0,0,0,None,None,None,None
05/02/2023,219,9,0,0,1,0,0,0,1,0,0,1,0,0,0,0,0,0,0,0,None,None,None,None
05/03/2023,255,9,0,0,1,0,0,0,1,0,0,0,1,0,0,0,0,0,0,0,None,None,None,None
05/04/2023,264,9,0,0,1,0,0,0,1,0,0,0,0,1,0,0,0,0,0,0,None,None,None,None
05/05/2023,80,9,0,0,1,0,0,0,1,0,0,0,0,0,1,0,0,1,0,0,None,None,None,None
05/06/2023,4,9,0,0,1,0,0,0,1,0,0,0,0,0,0,1,0,1,0,0,None,None,None,None
05/07/2023,243,9,0,0,1,0,0,0,1,0,0,0,0,0,0,0,1,0,0,0,None,None,None,None
05/08/2023,251,9,0,0,1,0,0,0,1,0,1,0,0,0,0,0,0,0,0,0,None,None,None,None
05/09/2023,207,9,0,0,1,0,0,0,1,0,0,1,0,0,0,0,0,0,0,0,None,None,None,None
05/10/2023,235,9,0,0,1,0,0,0,1,0,0,0,1,0,0,0,0,0,0,0,None,None,None,None
05/11/2023,267,9,0,0,1,0,0,0,1,0,0,0,0,1,0,0,0,0,0,0,None,None,None,None
05/12/2023,60,9,0,0,1,0,0,0,1,0,0,0,0,0,1,0,0,1,0,0,None,None,None,None
5/13/2023,9,9,0,0,1,0,0,0,1,0,0,0,0,0,0,1,0,1,0,0,None,None,None,None
5/14/2023,251,9,0,0,1,0,0,0,1,0,0,0,0,0,0,0,1,0,0,0,None,None,None,None
5/15/2023,224,9,0,0,1,0,0,0,1,0,1,0,0,0,0,0,0,0,0,0,None,None,None,None
5/16/2023,228,9,0,0,1,0,0,0,1,0,0,1,0,0,0,0,0,0,0,0,None,None,None,None
5/17/2023,245,9,0,0,1,0,0,0,1,0,0,0,1,0,0,0,0,0,0,0,None,None,None,None
5/18/2023,232,9,0,0,1,0,0,0,1,0,0,0,0,1,0,0,0,0,0,0,None,None,None,None
5/19/2023,73,9,0,0,1,0,0,0,1,0,0,0,0,0,1,0,0,1,0,0,None,None,None,None
5/20/2023,9,10,0,0,1,0,0,0,0,1,0,0,0,0,0,1,0,1,0,0,None,None,None,None
5/21/2023,288,10,0,0,1,0,0,0,0,1,0,0,0,0,0,0,1,0,0,0,None,None,None,None
5/22/2023,224,10,0,0,1,0,0,0,0,1,1,0,0,0,0,0,0,0,1,0,None,None,None,None
5/23/2023,248,10,0,0,1,0,0,0,0,1,0,1,0,0,0,0,0,0,1,0,None,None,None,None
5/24/2023,261,10,0,0,1,0,0,0,0,1,0,0,1,0,0,0,0,0,0,0,None,None,None,None
5/25/2023,280,10,0,0,1,0,0,0,0,1,0,0,0,1,0,0,0,0,0,0,None,None,None,None
5/26/2023,108,10,0,0,1,0,0,0,0,1,0,0,0,0,1,0,0,1,0,0,None,None,None,None
5/27/2023,12,10,0,0,1,0,0,0,0,1,0,0,0,0,0,1,0,1,0,0,None,None,None,None
5/28/2023,257,10,0,0,1,0,0,0,0,1,0,0,0,0,0,0,1,0,0,0,None,None,None,None
5/29/2023,237,10,0,0,1,0,0,0,0,1,1,0,0,0,0,0,0,0,0,0,None,None,None,None
5/30/2023,263,10,0,0,1,0,0,0,0,1,0,1,0,0,0,0,0,0,0,0,None,None,None,None
5/31/2023,236,10,0,0,1,0,0,0,0,1,0,0,1,0,0,0,0,0,1,0,None,None,None,None
06/01/2023,171,10,0,0,1,0,0,0,0,1,0,0,0,1,0,0,0,0,0,0,None,None,None,None
06/02/2023,67,10,0,0,1,0,0,0,0,1,0,0,0,0,1,0,0,1,0,0,None,None,None,None
06/03/2023,5,10,0,0,1,0,0,0,0,1,0,0,0,0,0,1,0,1,0,0,None,None,None,None
06/04/2023,279,10,0,0,1,0,0,0,0,1,0,0,0,0,0,0,1,0,0,0,None,None,None,None
06/05/2023,207,10,0,0,1,0,0,0,0,1,1,0,0,0,0,0,0,0,0,0,None,None,None,None
06/06/2023,201,10,0,0,1,0,0,0,0,1,0,1,0,0,0,0,0,0,0,0,None,None,None,None
06/07/2023,345,10,0,0,1,0,0,0,0,1,0,0,1,0,0,0,0,0,0,0,None,None,None,None
06/08/2023,260,10,0,0,1,0,0,0,0,1,0,0,0,1,0,0,0,0,0,0,None,None,None,None
06/09/2023,88,10,0,0,1,0,0,0,0,1,0,0,0,0,1,0,0,1,0,0,None,None,None,None
06/10/2023,5,10,0,0,1,0,0,0,0,1,0,0,0,0,0,1,0,1,0,0,None,None,None,None
06/11/2023,320,10,0,0,1,0,0,0,0,1,0,0,0,0,0,0,1,0,1,0,None,None,None,None
06/12/2023,269,10,0,0,1,0,0,0,0,1,1,0,0,0,0,0,0,0,0,0,None,None,None,None
6/13/2023,207,10,0,0,1,0,0,0,0,1,0,1,0,0,0,0,0,0,0,0,None,None,None,None
6/14/2023,311,10,0,0,1,0,0,0,0,1,0,0,1,0,0,0,0,0,0,0,None,None,None,None
6/15/2023,296,10,0,0,1,0,0,0,0,1,0,0,0,1,0,0,0,0,0,0,None,None,None,None
6/16/2023,76,10,0,0,1,0,0,0,0,1,0,0,0,0,1,0,0,1,0,0,None,None,None,None
6/17/2023,19,10,0,0,1,0,0,0,0,1,0,0,0,0,0,1,0,1,0,0,None,None,None,None
6/18/2023,139,10,0,0,1,0,0,0,0,1,0,0,0,0,0,0,1,0,0,0,None,None,None,None
6/19/2023,16,10,0,0,1,0,0,0,0,1,1,0,0,0,0,0,0,0,0,0,None,None,None,None
6/20/2023,12,11,0,0,1,0,0,0,0,1,0,1,0,0,0,0,0,0,0,0,None,None,None,None
6/21/2023,281,11,0,0,1,0,0,0,0,1,0,0,1,0,0,0,0,0,0,0,None,None,None,None
6/22/2023,331,11,0,0,1,0,0,0,0,1,0,0,0,1,0,0,0,0,0,0,None,None,None,None
6/23/2023,88,11,0,0,1,0,0,0,0,1,0,0,0,0,1,0,0,1,0,0,None,None,None,None
6/24/2023,12,11,0,0,1,0,0,0,0,1,0,0,0,0,0,1,0,1,0,0,None,None,None,None
6/25/2023,267,11,0,0,1,0,0,0,0,1,0,0,0,0,0,0,1,0,0,0,None,None,None,None
6/26/2023,312,11,0,0,1,0,0,0,0,1,1,0,0,0,0,0,0,0,0,0,None,None,None,None
6/27/2023,96,11,0,0,1,0,0,0,0,1,0,1,0,0,0,0,0,0,0,0,None,None,None,None
6/28/2023,0,11,0,0,1,0,0,0,0,1,0,0,1,0,0,0,0,0,0,0,None,None,None,None
6/29/2023,401,11,0,0,1,0,0,0,0,1,0,0,0,1,0,0,0,0,0,0,None,None,None,None
6/30/2023,121,11,0,0,1,0,0,0,0,1,0,0,0,0,1,0,0,1,0,0,None,None,None,None
07/01/2023,13,11,0,0,1,0,0,0,0,1,0,0,0,0,0,1,0,1,0,0,None,None,None,None
07/02/2023,153,11,0,0,1,0,0,0,0,1,0,0,0,0,0,0,1,0,0,0,None,None,None,None
07/03/2023,15,11,0,0,1,0,0,0,0,1,1,0,0,0,0,0,0,0,0,0,None,None,None,None
07/04/2023,293,11,0,0,1,0,0,0,0,1,0,1,0,0,0,0,0,0,0,0,None,None,None,None
07/05/2023,283,11,0,0,1,0,0,0,0,1,0,0,1,0,0,0,0,0,0,0,None,None,None,None
07/06/2023,323,11,0,0,1,0,0,0,0,1,0,0,0,1,0,0,0,0,0,0,None,None,None,None
07/07/2023,91,11,0,0,1,0,0,0,0,1,0,0,0,0,1,0,0,1,0,0,None,None,None,None
07/08/2023,7,11,0,0,1,0,0,0,0,1,0,0,0,0,0,1,0,1,0,0,None,None,None,None
07/09/2023,124,11,0,0,1,0,0,0,0,1,0,0,0,0,0,0,1,0,0,0,None,None,None,None
07/10/2023,8,11,0,0,1,0,0,0,0,1,1,0,0,0,0,0,0,0,0,0,None,None,None,None
07/11/2023,344,11,0,0,1,0,0,0,0,1,0,1,0,0,0,0,0,0,0,0,None,None,None,None
07/12/2023,317,11,0,0,1,0,0,0,0,1,0,0,1,0,0,0,0,0,0,0,None,None,None,None
7/13/2023,393,11,0,0,1,0,0,0,0,1,0,0,0,1,0,0,0,0,0,0,None,None,None,None
7/14/2023,104,11,0,0,1,0,0,0,0,1,0,0,0,0,1,0,0,1,0,0,None,None,None,None
7/15/2023,8,11,0,0,1,0,0,0,0,1,0,0,0,0,0,1,0,1,0,0,None,None,None,None
7/16/2023,316,11,0,0,1,0,0,0,0,1,0,0,0,0,0,0,1,0,0,0,None,None,None,None
7/17/2023,327,11,0,0,1,0,0,0,0,1,1,0,0,0,0,0,0,0,0,0,None,None,None,None
7/18/2023,396,11,0,0,1,0,0,0,0,1,0,1,0,0,0,0,0,0,0,0,None,None,None,None
7/19/2023,316,11,0,0,1,0,0,0,0,1,0,0,1,0,0,0,0,0,0,0,None,None,None,None
7/20/2023,331,12,0,1,0,0,0,0,0,1,0,0,0,1,0,0,0,0,0,0,None,None,None,None
7/21/2023,91,12,0,1,0,0,0,0,0,1,0,0,0,0,1,0,0,1,0,0,None,None,None,None
7/22/2023,7,12,0,1,0,0,0,0,0,1,0,0,0,0,0,1,0,1,0,0,None,None,None,None
7/23/2023,332,12,0,1,0,0,0,0,0,1,0,0,0,0,0,0,1,0,0,0,None,None,None,None
7/24/2023,277,12,0,1,0,0,0,0,0,1,1,0,0,0,0,0,0,0,0,0,None,None,None,None
7/25/2023,265,12,0,1,0,0,0,0,0,1,0,1,0,0,0,0,0,0,0,0,None,None,None,None
7/26/2023,317,12,0,1,0,0,0,0,0,1,0,0,1,0,0,0,0,0,0,0,None,None,None,None
7/27/2023,340,12,0,1,0,0,0,0,0,1,0,0,0,1,0,0,0,0,0,0,None,None,None,None
7/28/2023,81,12,0,1,0,0,0,0,0,1,0,0,0,0,1,0,0,1,0,0,None,None,None,None
7/29/2023,9,12,0,1,0,0,0,0,0,1,0,0,0,0,0,1,0,1,0,0,None,None,None,None
7/30/2023,304,12,0,1,0,0,0,0,0,1,0,0,0,0,0,0,1,0,0,0,None,None,None,None
7/31/2023,340,12,0,1,0,0,0,0,0,1,1,0,0,0,0,0,0,0,0,0,None,None,None,None
08/01/2023,281,12,0,1,0,0,0,0,0,1,0,1,0,0,0,0,0,0,0,0,None,None,None,None
08/02/2023,281,12,0,1,0,0,0,0,0,1,0,0,1,0,0,0,0,0,0,0,None,None,None,None
08/03/2023,259,12,0,1,0,0,0,0,0,1,0,0,0,1,0,0,0,0,0,0,None,None,None,None
08/04/2023,44,12,0,1,0,0,0,0,0,1,0,0,0,0,1,0,0,1,0,0,None,None,None,None
08/05/2023,5,12,0,1,0,0,0,0,0,1,0,0,0,0,0,1,0,1,0,0,None,None,None,None
08/06/2023,284,12,0,1,0,0,0,0,0,1,0,0,0,0,0,0,1,0,0,0,None,None,None,None
08/07/2023,237,12,0,1,0,0,0,0,0,1,1,0,0,0,0,0,0,0,0,0,None,None,None,None
08/08/2023,272,12,0,1,0,0,0,0,0,1,0,1,0,0,0,0,0,0,0,0,None,None,None,None
08/09/2023,296,12,0,1,0,0,0,0,0,1,0,0,1,0,0,0,0,0,0,0,None,None,None,None
08/10/2023,261,12,0,1,0,0,0,0,0,1,0,0,0,1,0,0,0,0,0,0,None,None,None,None
08/11/2023,95,12,0,1,0,0,0,0,0,1,0,0,0,0,1,0,0,1,0,0,None,None,None,None
08/12/2023,9,12,0,1,0,0,0,0,0,1,0,0,0,0,0,1,0,1,0,0,None,None,None,None
8/13/2023,275,12,0,1,0,0,0,0,0,1,0,0,0,0,0,0,1,0,0,0,None,None,None,None
8/14/2023,361,12,0,1,0,0,0,0,0,1,1,0,0,0,0,0,0,0,0,0,None,None,None,None
8/15/2023,308,12,0,1,0,0,0,0,0,1,0,1,0,0,0,0,0,0,0,0,None,None,None,None
8/16/2023,307,12,0,1,0,0,0,0,0,1,0,0,1,0,0,0,0,0,0,0,None,None,None,None
8/17/2023,368,12,0,1,0,0,0,0,0,1,0,0,0,1,0,0,0,0,0,0,None,None,None,None
8/18/2023,65,12,0,1,0,0,0,0,0,1,0,0,0,0,1,0,0,1,0,0,None,None,None,None
8/19/2023,5,12,0,1,0,0,0,0,0,1,0,0,0,0,0,1,0,1,0,0,None,None,None,None
8/20/2023,272,1,0,1,0,0,1,0,0,0,0,0,0,0,0,0,1,0,0,0,9.3,68,3.13889,0
8/21/2023,243,1,0,1,0,0,1,0,0,0,1,0,0,0,0,0,0,0,0,0,8.6,69,3.58333,0
8/22/2023,289,1,0,1,0,0,1,0,0,0,0,1,0,0,0,0,0,0,0,0,10.4,72,2.22222,0
8/23/2023,316,1,0,1,0,0,1,0,0,0,0,0,1,0,0,0,0,0,0,0,9.7,77,3.58333,0
8/24/2023,387,1,0,1,0,0,1,0,0,0,0,0,0,1,0,0,0,0,0,0,11.7,53,3.58333,0
8/25/2023,133,1,0,1,0,0,1,0,0,0,0,0,0,0,1,0,0,1,0,0,13.1,39,3.58333,0
8/26/2023,7,1,0,1,0,0,1,0,0,0,0,0,0,0,0,1,0,1,0,0,9.8,49,4.91667,0
8/27/2023,325,1,0,1,0,0,1,0,0,0,0,0,0,0,0,0,1,0,0,0,8.6,53,5.80556,0
8/28/2023,288,1,0,1,0,0,1,0,0,0,1,0,0,0,0,0,0,0,0,0,7.6,55,6.25,0
8/29/2023,303,1,0,1,0,0,1,0,0,0,0,1,0,0,0,0,0,0,0,0,9.2,52,4.47222,0
8/30/2023,285,1,0,1,0,0,1,0,0,0,0,0,1,0,0,0,0,0,0,0,10.6,47,3.13889,0
8/31/2023,295,1,0,1,0,0,1,0,0,0,0,0,0,1,0,0,0,0,0,0,11,53,4.47222,0
09/01/2023,85,1,0,1,0,0,1,0,0,0,0,0,0,0,1,0,0,1,0,0,9.7,80,3.13889,0
09/02/2023,7,1,0,1,0,0,1,0,0,0,0,0,0,0,0,1,0,1,0,0,13.5,55,5.36111,0
09/03/2023,305,1,0,1,0,0,1,0,0,0,0,0,0,0,0,0,1,0,0,0,11.4,76,2.69444,0
09/04/2023,341,1,0,1,0,0,1,0,0,0,1,0,0,0,0,0,0,0,0,0,12.6,59,4.47222,0
09/05/2023,360,1,0,1,0,0,1,0,0,0,0,1,0,0,0,0,0,0,0,0,15.7,41,3.13889,0
09/06/2023,296,1,0,1,0,0,1,0,0,0,0,0,1,0,0,0,0,0,0,0,12.6,69,2.69444,0
09/07/2023,305,1,0,1,0,0,1,0,0,0,0,0,0,1,0,0,0,0,0,0,12.2,78,3.13889,0
09/08/2023,104,1,0,1,0,0,1,0,0,0,0,0,0,0,1,0,0,1,0,0,11.4,60,3.58333,0
09/09/2023,8,1,0,1,0,0,1,0,0,0,0,0,0,0,0,1,0,1,0,0,10.4,76,4.47222,0
09/10/2023,321,1,0,1,0,0,1,0,0,0,0,0,0,0,0,0,1,0,0,0,10.8,62,2.69444,0
09/11/2023,309,1,0,1,0,0,1,0,0,0,1,0,0,0,0,0,0,0,0,0,12.1,44,3.58333,0
09/12/2023,267,1,0,1,0,0,1,0,0,0,0,1,0,0,0,0,0,0,0,0,16.7,25,3.58333,0
9/13/2023,297,1,0,1,0,0,1,0,0,0,0,0,1,0,0,0,0,0,0,0,15.5,57,4.02778,0
9/14/2023,279,1,0,1,0,0,1,0,0,0,0,0,0,1,0,0,0,0,0,0,11.5,84,4.47222,1
9/15/2023,93,1,0,1,0,0,1,0,0,0,0,0,0,0,1,0,0,1,0,0,8.6,89,8.05556,1
9/16/2023,4,1,0,1,0,0,1,0,0,0,0,0,0,0,0,1,0,1,0,0,8.3,95,6.69444,0
9/17/2023,263,1,0,1,0,0,1,0,0,0,0,0,0,0,0,0,1,0,0,0,8.1,76,2.69444,0
9/18/2023,303,1,0,1,0,0,1,0,0,0,1,0,0,0,0,0,0,0,0,0,8,72,3.58333,0
9/19/2023,248,1,0,1,0,0,1,0,0,0,0,1,0,0,0,0,0,0,0,0,9.3,88,4.02778,0
9/20/2023,253,2,0,1,0,0,1,0,0,0,0,0,1,0,0,0,0,0,0,0,9,76,4.91667,0
9/21/2023,245,2,0,1,0,0,1,0,0,0,0,0,0,1,0,0,0,0,0,0,7.3,67,3.13889,0
9/22/2023,84,2,0,1,0,0,1,0,0,0,0,0,0,0,1,0,0,1,0,0,8.4,57,3.58333,0
9/23/2023,0,2,0,1,0,0,1,0,0,0,0,0,0,0,0,1,0,1,0,0,11.4,31,4.47222,0
9/24/2023,287,2,0,1,0,0,1,0,0,0,0,0,0,0,0,0,1,0,0,0,10.5,47,3.13889,0
9/25/2023,219,2,0,1,0,0,1,0,0,0,1,0,0,0,0,0,0,0,0,0,11.9,70,3.13889,0
9/26/2023,209,2,0,1,0,0,1,0,0,0,0,1,0,0,0,0,0,0,0,0,16.5,28,4.91667,0
9/27/2023,197,2,0,1,0,0,1,0,0,0,0,0,1,0,0,0,0,0,0,0,14.9,50,3.58333,0
9/28/2023,231,2,0,1,0,0,1,0,0,0,0,0,0,1,0,0,0,0,0,0,11.6,76,2.69444,0
9/29/2023,69,2,0,1,0,0,1,0,0,0,0,0,0,0,1,0,0,1,0,0,13.5,54,4.91667,0
9/30/2023,4,2,0,1,0,0,1,0,0,0,0,0,0,0,0,1,0,1,0,1,11.8,83,4.02778,0
10/01/2023,279,2,0,1,0,0,1,0,0,0,0,0,0,0,0,0,1,0,0,0,10.6,85,4.47222,0
10/02/2023,208,2,0,1,0,0,1,0,0,0,1,0,0,0,0,0,0,0,0,0,9.2,91,4.91667,0
10/03/2023,228,2,0,1,0,0,1,0,0,0,0,1,0,0,0,0,0,0,0,0,9,81,4.91667,0
10/04/2023,189,2,0,1,0,0,1,0,0,0,0,0,1,0,0,0,0,0,0,0,7.3,90,4.91667,0
10/05/2023,225,2,0,1,0,0,1,0,0,0,0,0,0,1,0,0,0,0,0,0,6.3,90,3.58333,0
10/06/2023,71,2,0,1,0,0,1,0,0,0,0,0,0,0,1,0,0,1,0,0,6.7,71,3.58333,0
10/07/2023,5,2,0,1,0,0,1,0,0,0,0,0,0,0,0,1,0,1,0,0,8.2,63,3.58333,0
10/08/2023,233,2,0,1,0,0,1,0,0,0,0,0,0,0,0,0,1,0,0,0,11.9,32,4.02778,0
10/09/2023,188,2,0,1,0,0,1,0,0,0,1,0,0,0,0,0,0,0,0,0,11.5,42,3.13889,0
10/10/2023,207,2,0,1,0,0,1,0,0,0,0,1,0,0,0,0,0,0,0,0,10.1,68,2.69444,0
10/11/2023,197,2,0,1,0,0,1,0,0,0,0,0,1,0,0,0,0,0,0,0,9.9,77,3.13889,0
10/12/2023,195,2,0,1,0,0,1,0,0,0,0,0,0,1,0,0,0,0,0,0,11.3,80,3.13889,0
10/13/2023,100,2,0,1,0,0,1,0,0,0,0,0,0,0,1,0,0,1,0,0,14.9,47,2.69444,0
10/14/2023,1,2,0,1,0,0,1,0,0,0,0,0,0,0,0,1,0,1,0,0,15.4,28,3.13889,0
10/15/2023,225,2,0,1,0,0,1,0,0,0,0,0,0,0,0,0,1,0,0,0,15.1,38,2.22222,0
10/16/2023,207,2,0,1,0,0,1,0,0,0,1,0,0,0,0,0,0,0,0,0,18.2,25,3.58333,0
10/17/2023,212,2,0,1,0,0,1,0,0,0,0,1,0,0,0,0,0,0,0,0,20.4,27,4.91667,0
10/18/2023,191,3,0,0,0,1,1,0,0,0,0,0,1,0,0,0,0,0,0,0,16.3,66,4.47222,1
10/19/2023,203,3,0,0,0,1,1,0,0,0,0,0,0,1,0,0,0,0,0,0,13.6,82,4.47222,0
10/20/2023,85,3,0,0,0,1,1,0,0,0,0,0,0,0,1,0,0,1,0,0,12.2,77,5.36111,0
10/21/2023,3,3,0,0,0,1,1,0,0,0,0,0,0,0,0,1,0,1,0,0,12.6,75,3.13889,0
10/22/2023,260,3,0,0,0,1,1,0,0,0,0,0,0,0,0,0,1,0,0,0,14,60,3.13889,0
10/23/2023,228,3,0,0,0,1,1,0,0,0,1,0,0,0,0,0,0,0,0,0,17.2,44,4.02778,0
10/24/2023,239,3,0,0,0,1,1,0,0,0,0,1,0,0,0,0,0,0,0,0,13.1,78,4.02778,0
10/25/2023,213,3,0,0,0,1,1,0,0,0,0,0,1,0,0,0,0,0,0,0,14.9,48,2.69444,0
10/26/2023,188,3,0,0,0,1,1,0,0,0,0,0,0,1,0,0,0,0,0,0,19.7,37,4.02778,0
10/27/2023,89,3,0,0,0,1,1,0,0,0,0,0,0,0,1,0,0,1,0,0,15.2,78,3.58333,1
10/28/2023,1,3,0,0,0,1,1,0,0,0,0,0,0,0,0,1,0,1,0,0,14.5,57,7.13889,0
10/29/2023,233,3,0,0,0,1,1,0,0,0,0,0,0,0,0,0,1,0,0,1,16.5,47,7.61111,0
10/30/2023,235,3,0,0,0,1,1,0,0,0,1,0,0,0,0,0,0,0,0,1,13.3,72,4.91667,0
10/31/2023,233,3,0,0,0,1,1,0,0,0,0,1,0,0,0,0,0,0,0,0,12,75,3.58333,0
11/01/2023,221,3,0,0,0,1,1,0,0,0,0,0,1,0,0,0,0,0,0,0,11.5,71,5.36111,0
11/02/2023,156,3,0,0,0,1,1,0,0,0,0,0,0,1,0,0,0,0,0,0,11.1,76,4.47222,0
11/03/2023,99,3,0,0,0,1,1,0,0,0,0,0,0,0,1,0,0,1,0,0,14.4,58,2.69444,0
11/04/2023,8,3,0,0,0,1,1,0,0,0,0,0,0,0,0,1,0,1,0,0,19.2,40,4.02778,0
11/05/2023,248,3,0,0,0,1,1,0,0,0,0,0,0,0,0,0,1,0,0,0,12.6,74,4.91667,0
11/06/2023,235,3,0,0,0,1,1,0,0,0,1,0,0,0,0,0,0,0,0,0,11.9,70,4.02778,0
11/07/2023,212,3,0,0,0,1,1,0,0,0,0,1,0,0,0,0,0,0,0,0,14.2,65,2.69444,0
11/08/2023,177,3,0,0,0,1,1,0,0,0,0,0,1,0,0,0,0,0,0,0,16,49,4.91667,0
11/09/2023,179,3,0,0,0,1,1,0,0,0,0,0,0,1,0,0,0,0,0,0,16.1,59,4.02778,0
11/10/2023,97,3,0,0,0,1,1,0,0,0,0,0,0,0,1,0,0,1,0,0,13.7,69,4.47222,0
11/11/2023,1,3,0,0,0,1,1,0,0,0,0,0,0,0,0,1,0,1,0,0,13.7,60,3.13889,0
11/12/2023,220,3,0,0,0,1,1,0,0,0,0,0,0,0,0,0,1,0,0,0,14.4,61,4.02778,0
11/13/2023,160,3,0,0,0,1,1,0,0,0,1,0,0,0,0,0,0,0,0,0,14,58,3.58333,0
11/14/2023,141,3,0,0,0,1,1,0,0,0,0,1,0,0,0,0,0,0,0,0,14.1,55,4.02778,0
11/15/2023,173,3,0,0,0,1,1,0,0,0,0,0,1,0,0,0,0,0,0,0,19.5,31,2.69444,0
11/16/2023,163,3,0,0,0,1,1,0,0,0,0,0,0,1,0,0,0,0,0,0,19.7,40,4.47222,0
11/17/2023,80,3,0,0,0,1,1,0,0,0,0,0,0,0,1,0,0,1,0,0,17.9,40,4.91667,0
11/18/2023,1,4,0,0,0,1,0,1,0,0,0,0,0,0,0,1,0,1,0,0,14.9,61,5.80556,0
11/19/2023,220,4,0,0,0,1,0,1,0,0,0,0,0,0,0,0,1,0,0,1,13,80,5.36111,0
11/20/2023,192,4,0,0,0,1,0,1,0,0,1,0,0,0,0,0,0,0,0,1,14.4,72,3.13889,0
11/21/2023,185,4,0,0,0,1,0,1,0,0,0,1,0,0,0,0,0,0,0,1,21.5,31,4.91667,0
11/22/2023,144,4,0,0,0,1,0,1,0,0,0,0,1,0,0,0,0,0,0,1,21.8,34,6.25,0
11/23/2023,176,4,0,0,0,1,0,1,0,0,0,0,0,1,0,0,0,0,0,1,19.8,44,6.25,0
11/24/2023,65,4,0,0,0,1,0,1,0,0,0,0,0,0,1,0,0,1,0,1,15.1,69,3.58333,0
11/25/2023,0,4,0,0,0,1,0,1,0,0,0,0,0,0,0,1,0,1,0,1,16.3,49,2.69444,0
11/26/2023,148,4,0,0,0,1,0,1,0,0,0,0,0,0,0,0,1,0,0,1,15.7,56,3.13889,0
11/27/2023,200,4,0,0,0,1,0,1,0,0,1,0,0,0,0,0,0,0,0,1,16.6,46,2.69444,0
11/28/2023,179,4,0,0,0,1,0,1,0,0,0,1,0,0,0,0,0,0,1,1,21,41,3.58333,0
11/29/2023,169,4,0,0,0,1,0,1,0,0,0,0,1,0,0,0,0,0,1,1,24.5,35,6.25,1
11/30/2023,148,4,0,0,0,1,0,1,0,0,0,0,0,1,0,0,0,0,1,1,19.5,69,4.91667,1
12/01/2023,80,4,0,0,0,1,0,1,0,0,0,0,0,0,1,0,0,1,1,1,15.4,68,4.47222,0
12/02/2023,4,4,0,0,0,1,0,1,0,0,0,0,0,0,0,1,0,1,1,1,15.4,66,4.02778,0
12/03/2023,164,4,0,0,0,1,0,1,0,0,0,0,0,0,0,0,1,0,1,1,16.4,69,3.58333,0
12/04/2023,189,4,0,0,0,1,0,1,0,0,1,0,0,0,0,0,0,0,1,1,17.6,53,3.13889,0
12/05/2023,188,4,0,0,0,1,0,1,0,0,0,1,0,0,0,0,0,0,0,1,19.1,36,4.02778,0
12/06/2023,160,4,0,0,0,1,0,1,0,0,0,0,1,0,0,0,0,0,0,0,19.8,38,2.69444,0
12/07/2023,157,4,0,0,0,1,0,1,0,0,0,0,0,1,0,0,0,0,0,0,20.5,30,2.22222,0
12/08/2023,69,4,0,0,0,1,0,1,0,0,0,0,0,0,1,0,0,1,0,0,27.9,15,4.02778,0
12/09/2023,4,4,0,0,0,1,0,1,0,0,0,0,0,0,0,1,0,1,0,0,29.6,17,4.02778,0
12/10/2023,189,4,0,0,0,1,0,1,0,0,0,0,0,0,0,0,1,0,0,0,16,68,4.91667,0
12/11/2023,160,4,0,0,0,1,0,1,0,0,1,0,0,0,0,0,0,0,0,0,14.9,60,4.02778,0
12/12/2023,153,4,0,0,0,1,0,1,0,0,0,1,0,0,0,0,0,0,0,0,16.7,59,4.47222,0
12/13/2023,185,4,0,0,0,1,0,1,0,0,0,0,1,0,0,0,0,0,0,0,17.9,69,4.02778,0
12/14/2023,169,4,0,0,0,1,0,1,0,0,0,0,0,1,0,0,0,0,0,0,19,63,4.02778,0
12/15/2023,96,4,0,0,0,1,0,1,0,0,0,0,0,0,1,0,0,1,0,0,19.7,31,3.58333,0
12/16/2023,5,4,0,0,0,1,0,1,0,0,0,0,0,0,0,1,0,1,0,0,20.9,26,3.13889,0
12/17/2023,189,4,0,0,0,1,0,1,0,0,0,0,0,0,0,0,1,0,0,0,22.5,37,4.02778,0
12/18/2023,207,5,0,0,0,1,0,1,0,0,1,0,0,0,0,0,0,0,0,0,21.6,41,4.02778,0
12/19/2023,201,5,0,0,0,1,0,1,0,0,0,1,0,0,0,0,0,0,0,1,20.4,56,4.47222,0
12/20/2023,192,5,0,0,0,1,0,1,0,0,0,0,1,0,0,0,0,0,0,0,18.5,67,4.02778,0
12/21/2023,207,5,0,0,0,1,0,1,0,0,0,0,0,1,0,0,0,0,0,0,18.3,68,3.58333,0
12/22/2023,71,5,0,0,0,1,0,1,0,0,0,0,0,0,1,0,0,1,0,0,18.8,69,4.02778,0
12/23/2023,3,5,0,0,0,1,0,1,0,0,0,0,0,0,0,1,0,1,0,0,18.7,68,4.02778,0
12/24/2023,163,5,0,0,0,1,0,1,0,0,0,0,0,0,0,0,1,0,0,0,20.2,44,4.47222,0
12/25/2023,65,5,0,0,0,1,0,1,0,0,1,0,0,0,0,0,0,0,0,0,25.3,28,3.58333,0
12/26/2023,5,5,0,0,0,1,0,1,0,0,0,1,0,0,0,0,0,0,0,0,30.4,16,5.36111,0
12/27/2023,159,5,0,0,0,1,0,1,0,0,0,0,1,0,0,0,0,0,0,0,28,18,4.02778,0
12/28/2023,173,5,0,0,0,1,0,1,0,0,0,0,0,1,0,0,0,0,0,0,20.6,61,5.36111,0
12/29/2023,99,5,0,0,0,1,0,1,0,0,0,0,0,0,1,0,0,1,0,0,20.4,65,4.02778,0
12/30/2023,13,5,0,0,0,1,0,1,0,0,0,0,0,0,0,1,0,1,0,0,22.5,55,4.47222,0
12/31/2023,107,5,0,0,0,1,0,1,0,0,0,0,0,0,0,0,1,0,0,1,25.8,32,4.02778,0
01/01/2024,3,5,0,0,0,1,0,1,0,0,1,0,0,0,0,0,0,0,0,0,25.1,39,4.47222,0
01/02/2024,217,5,0,0,0,1,0,1,0,0,0,1,0,0,0,0,0,0,0,0,22.3,56,4.02778,0
01/03/2024,171,5,0,0,0,1,0,1,0,0,0,0,1,0,0,0,0,0,0,0,22.9,41,4.47222,0
01/04/2024,200,5,0,0,0,1,0,1,0,0,0,0,0,1,0,0,0,0,0,0,26.6,30,4.47222,0
01/05/2024,92,5,0,0,0,1,0,1,0,0,0,0,0,0,1,0,0,1,0,0,20.6,66,4.91667,0
01/06/2024,7,5,0,0,0,1,0,1,0,0,0,0,0,0,0,1,0,1,0,0,18.8,67,5.80556,0
01/07/2024,207,5,0,0,0,1,0,1,0,0,0,0,0,0,0,0,1,0,0,0,18.4,56,4.02778,0
01/08/2024,237,5,0,0,0,1,0,1,0,0,1,0,0,0,0,0,0,0,0,0,24.5,30,4.02778,0
01/09/2024,203,5,0,0,0,1,0,1,0,0,0,1,0,0,0,0,0,0,0,0,19.6,65,5.36111,0
01/10/2024,181,5,0,0,0,1,0,1,0,0,0,0,1,0,0,0,0,0,0,1,19.6,59,3.58333,0
01/11/2024,224,5,0,0,0,1,0,1,0,0,0,0,0,1,0,0,0,0,0,0,20.2,50,4.47222,0
01/12/2024,72,5,0,0,0,1,0,1,0,0,0,0,0,0,1,0,0,1,0,0,20.8,47,4.02778,0
1/13/2024,9,5,0,0,0,1,0,1,0,0,0,0,0,0,0,1,0,1,0,0,27.4,22,4.47222,0
1/14/2024,221,5,0,0,0,1,0,1,0,0,0,0,0,0,0,0,1,0,0,0,24.1,41,4.47222,0
1/15/2024,140,5,0,0,0,1,0,1,0,0,1,0,0,0,0,0,0,0,0,0,26.1,39,4.91667,0
1/16/2024,9,5,0,0,0,1,0,1,0,0,0,1,0,0,0,0,0,0,0,1,24.9,37,4.02778,0
1/17/2024,208,5,0,0,0,1,0,1,0,0,0,0,1,0,0,0,0,0,1,1,24.3,33,4.02778,0
1/18/2024,153,6,1,0,0,0,0,1,0,0,0,0,0,1,0,0,0,0,0,1,20.4,63,4.02778,0
1/19/2024,89,6,1,0,0,0,0,1,0,0,0,0,0,0,1,0,0,1,0,0,21.3,64,4.02778,0
1/20/2024,5,6,1,0,0,0,0,1,0,0,0,0,0,0,0,1,0,1,0,0,23.1,58,3.58333,0
1/21/2024,224,6,1,0,0,0,0,1,0,0,0,0,0,0,0,0,1,0,0,0,23.6,61,4.02778,0
1/22/2024,173,6,1,0,0,0,0,1,0,0,1,0,0,0,0,0,0,0,0,0,23.7,47,4.02778,0
1/23/2024,225,6,1,0,0,0,0,1,0,0,0,1,0,0,0,0,0,0,0,0,24.9,30,4.02778,0
1/24/2024,201,6,1,0,0,0,0,1,0,0,0,0,1,0,0,0,0,0,0,0,27.1,25,3.58333,0
1/25/2024,131,6,1,0,0,0,0,1,0,0,0,0,0,1,0,0,0,0,0,0,27.5,41,3.58333,0
1/26/2024,59,6,1,0,0,0,0,1,0,0,0,0,0,0,1,0,0,1,0,0,27.5,44,4.47222,0
1/27/2024,0,6,1,0,0,0,0,1,0,0,0,0,0,0,0,1,0,1,0,0,22.9,66,4.02778,0
1/28/2024,205,6,1,0,0,0,0,1,0,0,0,0,0,0,0,0,1,0,0,0,22.7,63,2.22222,0
1/29/2024,245,6,1,0,0,0,0,1,0,0,1,0,0,0,0,0,0,0,0,0,18.6,79,0.44444,0
1/30/2024,167,6,1,0,0,0,0,1,0,0,0,1,0,0,0,0,0,0,0,0,23.2,47,0,0
1/31/2024,216,6,1,0,0,0,0,1,0,0,0,0,1,0,0,0,0,0,0,0,25.2,47,3.58333,0
02/01/2024,177,6,1,0,0,0,0,1,0,0,0,0,0,1,0,0,0,0,0,0,23.4,65,4.02778,0
02/02/2024,85,6,1,0,0,0,0,1,0,0,0,0,0,0,1,0,0,1,0,0,24.7,58,3.13889,0
02/03/2024,5,6,1,0,0,0,0,1,0,0,0,0,0,0,0,1,0,1,0,0,24.6,59,2.69444,0
02/04/2024,155,6,1,0,0,0,0,1,0,0,0,0,0,0,0,0,1,0,0,0,26,49,2.69444,0
02/05/2024,179,6,1,0,0,0,0,1,0,0,1,0,0,0,0,0,0,0,0,0,26.6,44,3.58333,0
02/06/2024,180,6,1,0,0,0,0,1,0,0,0,1,0,0,0,0,0,0,0,1,23.7,66,3.58333,0
02/07/2024,207,6,1,0,0,0,0,1,0,0,0,0,1,0,0,0,0,0,0,1,22,65,3.13889,0
02/08/2024,171,6,1,0,0,0,0,1,0,0,0,0,0,1,0,0,0,0,0,1,22.5,64,2.69444,0
02/09/2024,81,6,1,0,0,0,0,1,0,0,0,0,0,0,1,0,0,1,0,1,23.2,61,3.58333,0
02/10/2024,1,6,1,0,0,0,0,1,0,0,0,0,0,0,0,1,0,1,0,1,24.3,62,3.58333,0
02/11/2024,192,6,1,0,0,0,0,1,0,0,0,0,0,0,0,0,1,0,0,1,25.4,62,4.02778,0
02/12/2024,200,6,1,0,0,0,0,1,0,0,1,0,0,0,0,0,0,0,0,1,26.4,63,3.58333,0
2/13/2024,105,6,1,0,0,0,0,1,0,0,0,1,0,0,0,0,0,0,0,1,27.9,57,3.58333,0
2/14/2024,7,6,1,0,0,0,0,1,0,0,0,0,1,0,0,0,0,0,0,1,27.4,46,3.58333,0
2/15/2024,228,6,1,0,0,0,0,1,0,0,0,0,0,1,0,0,0,0,0,1,24.9,55,3.13889,0
2/16/2024,117,6,1,0,0,0,0,1,0,0,0,0,0,0,1,0,0,1,0,1,24.9,61,4.02778,0
2/17/2024,0,7,1,0,0,0,0,0,1,0,0,0,0,0,0,1,0,1,0,1,28.3,55,3.13889,0
2/18/2024,199,7,1,0,0,0,0,0,1,0,0,0,0,0,0,0,1,0,0,1,30.5,28,4.02778,0
2/19/2024,216,7,1,0,0,0,0,0,1,0,1,0,0,0,0,0,0,0,0,1,31.9,23,3.13889,0
2/20/2024,211,7,1,0,0,0,0,0,1,0,0,1,0,0,0,0,0,0,0,1,29,46,3.13889,0
2/21/2024,207,7,1,0,0,0,0,0,1,0,0,0,1,0,0,0,0,0,0,1,26.6,70,3.58333,0
2/22/2024,212,7,1,0,0,0,0,0,1,0,0,0,0,1,0,0,0,0,0,1,25.1,69,3.58333,0
2/23/2024,67,7,1,0,0,0,0,0,1,0,0,0,0,0,1,0,0,1,0,1,24.9,69,3.58333,0
2/24/2024,3,7,1,0,0,0,0,0,1,0,0,0,0,0,0,1,0,1,0,1,26.1,64,3.13889,0
2/25/2024,200,7,1,0,0,0,0,0,1,0,0,0,0,0,0,0,1,0,0,1,26.8,55,3.13889,0
2/26/2024,180,7,1,0,0,0,0,0,1,0,1,0,0,0,0,0,0,0,0,1,28.3,42,4.02778,0
2/27/2024,249,7,1,0,0,0,0,0,1,0,0,1,0,0,0,0,0,0,0,1,29.1,42,3.58333,0
2/28/2024,195,7,1,0,0,0,0,0,1,0,0,0,1,0,0,0,0,0,0,1,27.4,64,3.13889,0
2/29/2024,177,7,1,0,0,0,0,0,1,0,0,0,0,1,0,0,0,0,0,1,27.3,62,3.58333,0
03/01/2024,92,7,1,0,0,0,0,0,1,0,0,0,0,0,1,0,0,1,0,1,28.7,48,3.13889,0
03/02/2024,5,7,1,0,0,0,0,0,1,0,0,0,0,0,0,1,0,1,0,1,28.5,36,3.58333,0
03/03/2024,213,7,1,0,0,0,0,0,1,0,0,0,0,0,0,0,1,0,0,1,30.8,23,3.13889,0
03/04/2024,197,7,1,0,0,0,0,0,1,0,1,0,0,0,0,0,0,0,0,1,28.7,51,3.58333,0
03/05/2024,188,7,1,0,0,0,0,0,1,0,0,1,0,0,0,0,0,0,0,1,27.2,62,3.13889,0
03/06/2024,188,7,1,0,0,0,0,0,1,0,0,0,1,0,0,0,0,0,0,1,26.6,62,3.13889,0
03/07/2024,177,7,1,0,0,0,0,0,1,0,0,0,0,1,0,0,0,0,0,1,26.1,67,3.13889,0
03/08/2024,68,7,1,0,0,0,0,0,1,0,0,0,0,0,1,0,0,1,0,1,26.5,66,3.13889,0
03/09/2024,3,7,1,0,0,0,0,0,1,0,0,0,0,0,0,1,0,1,0,1,26.5,66,3.58333,0
03/10/2024,199,7,1,0,0,0,0,0,1,0,0,0,0,0,0,0,1,0,0,1,26.4,65,3.13889,0
03/11/2024,247,7,1,0,0,0,0,0,1,0,1,0,0,0,0,0,0,0,0,1,27.3,67,3.13889,0
03/12/2024,209,7,1,0,0,0,0,0,1,0,0,1,0,0,0,0,0,0,0,1,28.4,60,3.58333,0
3/13/2024,215,7,1,0,0,0,0,0,1,0,0,0,1,0,0,0,0,0,0,1,28.6,53,4.02778,0
3/14/2024,160,7,1,0,0,0,0,0,1,0,0,0,0,1,0,0,0,0,0,1,28.1,62,3.58333,0
3/15/2024,92,7,1,0,0,0,0,0,1,0,0,0,0,0,1,0,0,1,0,1,27.4,66,4.02778,0
3/16/2024,3,7,1,0,0,0,0,0,1,0,0,0,0,0,0,1,0,1,0,1,25.7,62,2.69444,0
3/17/2024,171,7,1,0,0,0,0,0,1,0,0,0,0,0,0,0,1,0,0,1,25.9,60,3.13889,0
3/18/2024,196,7,1,0,0,0,0,0,1,0,1,0,0,0,0,0,0,0,0,1,27.3,63,3.58333,0
3/19/2024,237,8,1,0,0,0,0,0,1,0,0,1,0,0,0,0,0,0,0,1,27.9,64,3.13889,0
3/20/2024,195,8,1,0,0,0,0,0,1,0,0,0,1,0,0,0,0,0,0,1,26.9,58,3.13889,0
3/21/2024,193,8,1,0,0,0,0,0,1,0,0,0,0,1,0,0,0,0,0,1,26.3,65,3.13889,0
3/22/2024,68,8,1,0,0,0,0,0,1,0,0,0,0,0,1,0,0,1,0,1,26.1,60,3.13889,0
3/23/2024,9,8,1,0,0,0,0,0,1,0,0,0,0,0,0,1,0,1,0,1,26.1,50,2.22222,0
3/24/2024,212,8,1,0,0,0,0,0,1,0,0,0,0,0,0,0,1,0,0,1,27.1,50,3.13889,0
3/25/2024,200,8,1,0,0,0,0,0,1,0,1,0,0,0,0,0,0,0,0,1,27.3,60,3.13889,0
3/26/2024,217,8,1,0,0,0,0,0,1,0,0,1,0,0,0,0,0,0,0,1,26.9,68,3.58333,0
3/27/2024,248,8,1,0,0,0,0,0,1,0,0,0,1,0,0,0,0,0,0,1,25.4,74,1.77778,0
3/28/2024,204,8,1,0,0,0,0,0,1,0,0,0,0,1,0,0,0,0,0,1,26.5,68,2.69444,0
3/29/2024,101,8,1,0,0,0,0,0,1,0,0,0,0,0,1,0,0,1,0,1,26.8,65,2.22222,0
3/30/2024,3,8,1,0,0,0,0,0,1,0,0,0,0,0,0,1,0,1,0,1,27,64,3.13889,0
3/31/2024,241,8,1,0,0,0,0,0,1,0,0,0,0,0,0,0,1,0,0,1,27.2,61,3.13889,0
04/01/2024,227,8,1,0,0,0,0,0,1,0,1,0,0,0,0,0,0,0,0,1,27.1,65,3.58333,0
04/02/2024,219,8,1,0,0,0,0,0,1,0,0,1,0,0,0,0,0,0,0,1,26.8,70,3.58333,0
04/03/2024,245,8,1,0,0,0,0,0,1,0,0,0,1,0,0,0,0,0,0,1,26.1,68,4.02778,0
04/04/2024,237,8,1,0,0,0,0,0,1,0,0,0,0,1,0,0,0,0,0,1,26,65,3.13889,0
04/05/2024,84,8,1,0,0,0,0,0,1,0,0,0,0,0,1,0,0,1,0,1,26.8,48,3.13889,0
04/06/2024,4,8,1,0,0,0,0,0,1,0,0,0,0,0,0,1,0,1,0,1,29.1,33,2.69444,0
04/07/2024,241,8,1,0,0,0,0,0,1,0,0,0,0,0,0,0,1,0,0,1,27.6,50,3.58333,0
04/08/2024,227,8,1,0,0,0,0,0,1,0,1,0,0,0,0,0,0,0,0,1,25.6,66,2.69444,0
04/09/2024,268,8,1,0,0,0,0,0,1,0,0,1,0,0,0,0,0,0,0,1,25.4,67,3.13889,0
04/10/2024,240,8,1,0,0,0,0,0,1,0,0,0,1,0,0,0,0,0,0,1,25.7,66,4.02778,0
04/11/2024,211,8,1,0,0,0,0,0,1,0,0,0,0,1,0,0,0,0,0,1,25.9,67,3.58333,0
04/12/2024,83,8,1,0,0,0,0,0,1,0,0,0,0,0,1,0,0,1,0,1,27.2,67,3.58333,0
4/13/2024,11,8,1,0,0,0,0,0,1,0,0,0,0,0,0,1,0,1,0,1,27.3,63,3.13889,0
4/14/2024,205,8,1,0,0,0,0,0,1,0,0,0,0,0,0,0,1,0,0,1,26.8,59,2.69444,0
4/15/2024,216,8,1,0,0,0,0,0,1,0,1,0,0,0,0,0,0,0,0,1,24.8,64,3.13889,0
4/16/2024,248,8,1,0,0,0,0,0,1,0,0,1,0,0,0,0,0,0,0,1,24,63,3.13889,0
4/17/2024,233,8,1,0,0,0,0,0,1,0,0,0,1,0,0,0,0,0,0,1,23.8,60,3.13889,0
4/18/2024,231,8,1,0,0,0,0,0,1,0,0,0,0,1,0,0,0,0,0,1,23.6,62,3.58333,0
4/19/2024,92,9,0,0,1,0,0,0,1,0,0,0,0,0,1,0,0,1,0,1,25.2,61,4.02778,0
4/20/2024,5,9,0,0,1,0,0,0,1,0,0,0,0,0,0,1,0,1,0,0,None,None,None,None
4/21/2024,235,9,0,0,1,0,0,0,1,0,0,0,0,0,0,0,1,0,0,0,None,None,None,None
4/22/2024,225,9,0,0,1,0,0,0,1,0,1,0,0,0,0,0,0,0,0,0,None,None,None,None
4/23/2024,221,9,0,0,1,0,0,0,1,0,0,1,0,0,0,0,0,0,0,0,None,None,None,None
4/24/2024,187,9,0,0,1,0,0,0,1,0,0,0,1,0,0,0,0,0,0,0,None,None,None,None
4/25/2024,209,9,0,0,1,0,0,0,1,0,0,0,0,1,0,0,0,0,0,0,None,None,None,None
4/26/2024,87,9,0,0,1,0,0,0,1,0,0,0,0,0,1,0,0,1,0,0,25.4,73,3.13889,0
4/27/2024,5,9,0,0,1,0,0,0,1,0,0,0,0,0,0,1,0,1,0,0,26.5,72,3.58333,0
4/28/2024,228,9,0,0,1,0,0,0,1,0,0,0,0,0,0,0,1,0,0,0,26.6,64,3.58333,0
4/29/2024,236,9,0,0,1,0,0,0,1,0,1,0,0,0,0,0,0,0,0,0,27,56,2.69444,0
4/30/2024,268,9,0,0,1,0,0,0,1,0,0,1,0,0,0,0,0,0,0,0,27.7,47,1.77778,0
05/01/2024,161,9,0,0,1,0,0,0,1,0,0,0,1,0,0,0,0,0,0,0,26.9,56,3.58333,0
05/02/2024,221,9,0,0,1,0,0,0,1,0,0,0,0,1,0,0,0,0,0,0,25.6,75,4.02778,0
05/03/2024,47,9,0,0,1,0,0,0,1,0,0,0,0,0,1,0,0,1,0,0,24.7,74,3.13889,0
05/04/2024,3,9,0,0,1,0,0,0,1,0,0,0,0,0,0,1,0,1,0,0,23.4,72,2.69444,0
05/05/2024,216,9,0,0,1,0,0,0,1,0,0,0,0,0,0,0,1,0,0,0,24.2,65,2.22222,0
05/06/2024,288,9,0,0,1,0,0,0,1,0,1,0,0,0,0,0,0,0,0,0,24.8,60,2.22222,0
05/07/2024,276,9,0,0,1,0,0,0,1,0,0,1,0,0,0,0,0,0,0,0,25,65,3.13889,0
05/08/2024,225,9,0,0,1,0,0,0,1,0,0,0,1,0,0,0,0,0,0,1,23.6,63,3.58333,0
05/09/2024,224,9,0,0,1,0,0,0,1,0,0,0,0,1,0,0,0,0,1,1,25,56,2.69444,0
05/10/2024,93,9,0,0,1,0,0,0,1,0,0,0,0,0,1,0,0,1,1,1,24.5,74,4.02778,0
05/11/2024,4,9,0,0,1,0,0,0,1,0,0,0,0,0,0,1,0,1,0,0,23,66,2.69444,0
05/12/2024,216,9,0,0,1,0,0,0,1,0,0,0,0,0,0,0,1,0,0,0,22.3,64,3.13889,0
5/13/2024,243,9,0,0,1,0,0,0,1,0,1,0,0,0,0,0,0,0,0,0,23.5,67,3.13889,0
5/14/2024,256,9,0,0,1,0,0,0,1,0,0,1,0,0,0,0,0,0,0,0,22.9,71,3.13889,0
5/15/2024,240,9,0,0,1,0,0,0,1,0,0,0,1,0,0,0,0,0,0,0,22.5,69,2.22222,0
5/16/2024,215,9,0,0,1,0,0,0,1,0,0,0,0,1,0,0,0,0,0,0,22.3,63,3.13889,0
5/17/2024,105,9,0,0,1,0,0,0,1,0,0,0,0,0,1,0,0,1,0,1,21.7,67,2.69444,0
5/18/2024,3,9,0,0,1,0,0,0,1,0,0,0,0,0,0,1,0,1,1,1,21.7,69,2.22222,0
5/19/2024,231,10,0,0,1,0,0,0,0,1,0,0,0,0,0,0,1,0,0,0,24.6,48,1.77778,0
5/20/2024,213,10,0,0,1,0,0,0,0,1,1,0,0,0,0,0,0,0,0,0,27.4,40,2.69444,0
5/21/2024,265,10,0,0,1,0,0,0,0,1,0,1,0,0,0,0,0,0,0,0,23.1,70,4.47222,0
5/22/2024,228,10,0,0,1,0,0,0,0,1,0,0,1,0,0,0,0,0,0,1,21.5,68,2.69444,0
5/23/2024,199,10,0,0,1,0,0,0,0,1,0,0,0,1,0,0,0,0,0,1,21.1,71,3.13889,0
5/24/2024,95,10,0,0,1,0,0,0,0,1,0,0,0,0,1,0,0,1,0,1,21,71,3.13889,0
5/25/2024,8,10,0,0,1,0,0,0,0,1,0,0,0,0,0,1,0,1,0,1,23,49,0.88889,0
5/26/2024,187,10,0,0,1,0,0,0,0,1,0,0,0,0,0,0,1,0,0,1,23.2,56,4.02778,0
5/27/2024,236,10,0,0,1,0,0,0,0,1,1,0,0,0,0,0,0,0,0,1,19.9,76,3.58333,0
5/28/2024,216,10,0,0,1,0,0,0,0,1,0,1,0,0,0,0,0,0,0,1,18.4,75,1.77778,0
5/29/2024,211,10,0,0,1,0,0,0,0,1,0,0,1,0,0,0,0,0,1,1,20.2,67,2.69444,0
5/30/2024,199,10,0,0,1,0,0,0,0,1,0,0,0,1,0,0,0,0,0,1,20.9,63,3.13889,0
5/31/2024,57,10,0,0,1,0,0,0,0,1,0,0,0,0,1,0,0,1,0,1,17.6,78,0,0
06/01/2024,4,10,0,0,1,0,0,0,0,1,0,0,0,0,0,1,0,1,0,0,19.8,63,2.22222,0
06/02/2024,196,10,0,0,1,0,0,0,0,1,0,0,0,0,0,0,1,0,0,0,19.8,57,2.22222,0
06/03/2024,236,10,0,0,1,0,0,0,0,1,1,0,0,0,0,0,0,0,0,0,18.6,63,2.22222,0
06/04/2024,249,10,0,0,1,0,0,0,0,1,0,1,0,0,0,0,0,0,0,0,21.3,55,3.58333,0
06/05/2024,144,10,0,0,1,0,0,0,0,1,0,0,1,0,0,0,0,0,0,0,24.2,27,3.13889,0
06/06/2024,8,10,0,0,1,0,0,0,0,1,0,0,0,1,0,0,0,0,0,0,24.9,35,1.77778,0
06/07/2024,1,10,0,0,1,0,0,0,0,1,0,0,0,0,1,0,0,1,0,0,22.2,76,2.22222,0
06/08/2024,3,10,0,0,1,0,0,0,0,1,0,0,0,0,0,1,0,1,0,0,21.4,72,1.77778,0
06/09/2024,245,10,0,0,1,0,0,0,0,1,0,0,0,0,0,0,1,0,0,0,20.6,64,1.33333,0
06/10/2024,288,10,0,0,1,0,0,0,0,1,1,0,0,0,0,0,0,0,0,0,19.6,66,2.22222,0
06/11/2024,260,10,0,0,1,0,0,0,0,1,0,1,0,0,0,0,0,0,0,0,20.3,61,0.88889,0
06/12/2024,277,10,0,0,1,0,0,0,0,1,0,0,1,0,0,0,0,0,0,0,21,51,2.22222,0
6/13/2024,207,10,0,0,1,0,0,0,0,1,0,0,0,1,0,0,0,0,0,0,22.3,37,2.69444,0
6/14/2024,67,10,0,0,1,0,0,0,0,1,0,0,0,0,1,0,0,1,0,0,21.9,45,1.77778,0
6/15/2024,0,10,0,0,1,0,0,0,0,1,0,0,0,0,0,1,0,1,0,0,19.4,63,2.69444,0
6/16/2024,255,10,0,0,1,0,0,0,0,1,0,0,0,0,0,0,1,0,0,0,18.9,59,1.77778,0
6/17/2024,204,10,0,0,1,0,0,0,0,1,1,0,0,0,0,0,0,0,0,0,17.9,69,4.02778,0
6/18/2024,251,10,0,0,1,0,0,0,0,1,0,1,0,0,0,0,0,0,0,0,18.5,75,2.22222,0
6/19/2024,152,11,0,0,1,0,0,0,0,1,0,0,1,0,0,0,0,0,0,0,18.5,67,2.22222,0
6/20/2024,8,11,0,0,1,0,0,0,0,1,0,0,0,1,0,0,0,0,0,0,17.2,72,1.77778,0
6/21/2024,97,11,0,0,1,0,0,0,0,1,0,0,0,0,1,0,0,1,0,0,16.8,69,2.22222,0
6/22/2024,7,11,0,0,1,0,0,0,0,1,0,0,0,0,0,1,0,1,0,0,17.3,71,1.33333,0
6/23/2024,221,11,0,0,1,0,0,0,0,1,0,0,0,0,0,0,1,0,0,0,16.9,67,1.33333,0
6/24/2024,259,11,0,0,1,0,0,0,0,1,1,0,0,0,0,0,0,0,0,0,17.4,63,1.33333,0
6/25/2024,224,11,0,0,1,0,0,0,0,1,0,1,0,0,0,0,0,0,0,0,18.9,61,2.69444,0
6/26/2024,164,11,0,0,1,0,0,0,0,1,0,0,1,0,0,0,0,0,0,0,18.3,75,2.22222,0
6/27/2024,11,11,0,0,1,0,0,0,0,1,0,0,0,1,0,0,0,0,0,0,15.3,75,0.44444,0
6/28/2024,92,11,0,0,1,0,0,0,0,1,0,0,0,0,1,0,0,1,0,0,17.4,55,2.22222,0
6/29/2024,3,11,0,0,1,0,0,0,0,1,0,0,0,0,0,1,0,1,0,0,15.8,55,0.44444,0
6/30/2024,273,11,0,0,1,0,0,0,0,1,0,0,0,0,0,0,1,0,0,0,22.6,29,3.13889,0
07/01/2024,324,11,0,0,1,0,0,0,0,1,1,0,0,0,0,0,0,0,0,0,22.5,37,2.22222,0
07/02/2024,293,11,0,0,1,0,0,0,0,1,0,1,0,0,0,0,0,0,0,0,18.7,46,1.77778,0
07/03/2024,283,11,0,0,1,0,0,0,0,1,0,0,1,0,0,0,0,0,0,0,18.8,49,1.33333,0
07/04/2024,268,11,0,0,1,0,0,0,0,1,0,0,0,1,0,0,0,0,0,0,19.7,31,1.33333,0
07/05/2024,99,11,0,0,1,0,0,0,0,1,0,0,0,0,1,0,0,1,0,0,20.8,30,1.33333,0
07/06/2024,4,11,0,0,1,0,0,0,0,1,0,0,0,0,0,1,0,1,0,0,21.8,28,2.22222,0
07/07/2024,240,11,0,0,1,0,0,0,0,1,0,0,0,0,0,0,1,0,0,0,18.3,76,1.33333,0
07/08/2024,313,11,0,0,1,0,0,0,0,1,1,0,0,0,0,0,0,0,0,0,15.6,76,2.69444,0
07/09/2024,219,11,0,0,1,0,0,0,0,1,0,1,0,0,0,0,0,0,0,0,14.1,82,5.36111,1
07/10/2024,216,11,0,0,1,0,0,0,0,1,0,0,1,0,0,0,0,0,0,0,12.2,78,4.47222,0
07/11/2024,207,11,0,0,1,0,0,0,0,1,0,0,0,1,0,0,0,0,0,0,11.9,84,0.88889,0
07/12/2024,75,11,0,0,1,0,0,0,0,1,0,0,0,0,1,0,0,1,0,0,13.9,68,4.47222,0
7/13/2024,0,11,0,0,1,0,0,0,0,1,0,0,0,0,0,1,0,1,0,0,16,49,4.47222,0
7/14/2024,225,11,0,0,1,0,0,0,0,1,0,0,0,0,0,0,1,0,0,0,14.2,76,1.77778,0
7/15/2024,208,11,0,0,1,0,0,0,0,1,1,0,0,0,0,0,0,0,0,0,14.6,81,0.88889,0
7/16/2024,203,11,0,0,1,0,0,0,0,1,0,1,0,0,0,0,0,0,0,0,15,71,2.22222,0
7/17/2024,240,11,0,0,1,0,0,0,0,1,0,0,1,0,0,0,0,0,0,0,14.3,73,1.77778,0
7/18/2024,239,11,0,0,1,0,0,0,0,1,0,0,0,1,0,0,0,0,0,0,15.4,64,1.77778,0
7/19/2024,113,12,0,1,0,0,0,0,0,1,0,0,0,0,1,0,0,1,0,0,18.1,41,4.02778,0
7/20/2024,7,12,0,1,0,0,0,0,0,1,0,0,0,0,0,1,0,1,0,0,18.8,37,4.02778,0
7/21/2024,275,12,0,1,0,0,0,0,0,1,0,0,0,0,0,0,1,0,0,0,20.1,24,3.13889,0
7/22/2024,277,12,0,1,0,0,0,0,0,1,1,0,0,0,0,0,0,0,0,0,21,16,3.13889,0
7/23/2024,263,12,0,1,0,0,0,0,0,1,0,1,0,0,0,0,0,0,0,0,16.8,55,3.13889,1
7/24/2024,252,12,0,1,0,0,0,0,0,1,0,0,1,0,0,0,0,0,0,0,12.6,90,4.91667,1
7/25/2024,284,12,0,1,0,0,0,0,0,1,0,0,0,1,0,0,0,0,0,0,10.2,74,3.58333,0
7/26/2024,83,12,0,1,0,0,0,0,0,1,0,0,0,0,1,0,0,1,0,0,9.8,64,3.13889,0
7/27/2024,5,12,0,1,0,0,0,0,0,1,0,0,0,0,0,1,0,1,0,0,12.5,46,2.69444,0
7/28/2024,257,12,0,1,0,0,0,0,0,1,0,0,0,0,0,0,1,0,0,0,13.6,44,2.22222,0
7/29/2024,255,12,0,1,0,0,0,0,0,1,1,0,0,0,0,0,0,0,0,0,17.6,28,3.13889,0
7/30/2024,280,12,0,1,0,0,0,0,0,1,0,1,0,0,0,0,0,0,0,0,21.2,14,1.77778,0
7/31/2024,253,12,0,1,0,0,0,0,0,1,0,0,1,0,0,0,0,0,0,0,12.7,87,0,0
08/01/2024,227,12,0,1,0,0,0,0,0,1,0,0,0,1,0,0,0,0,0,1,14.3,81,3.13889,0
08/02/2024,77,12,0,1,0,0,0,0,0,1,0,0,0,0,1,0,0,1,0,1,14.4,78,0.44444,0
08/03/2024,7,12,0,1,0,0,0,0,0,1,0,0,0,0,0,1,0,1,0,1,14.4,62,1.77778,0
08/04/2024,212,12,0,1,0,0,0,0,0,1,0,0,0,0,0,0,1,0,0,1,17.1,36,3.13889,0
08/05/2024,183,12,0,1,0,0,0,0,0,1,1,0,0,0,0,0,0,0,0,1,19.4,29,4.02778,0
08/06/2024,187,12,0,1,0,0,0,0,0,1,0,1,0,0,0,0,0,0,0,1,19.3,26,2.22222,0
08/07/2024,156,12,0,1,0,0,0,0,0,1,0,0,1,0,0,0,0,0,0,1,20.7,22,2.69444,0
08/08/2024,213,12,0,1,0,0,0,0,0,1,0,0,0,1,0,0,0,0,0,0,22.2,22,2.22222,0
08/09/2024,96,12,0,1,0,0,0,0,0,1,0,0,0,0,1,0,0,1,0,0,21.7,23,2.69444,0
08/10/2024,5,12,0,1,0,0,0,0,0,1,0,0,0,0,0,1,0,1,0,0,18.5,47,2.69444,0
08/11/2024,211,12,0,1,0,0,0,0,0,1,0,0,0,0,0,0,1,0,0,0,13.4,69,5.36111,0
08/12/2024,228,12,0,1,0,0,0,0,0,1,1,0,0,0,0,0,0,0,0,0,9.5,80,5.36111,1
8/13/2024,207,12,0,1,0,0,0,0,0,1,0,1,0,0,0,0,0,0,0,0,13.1,54,3.58333,0
8/14/2024,199,12,0,1,0,0,0,0,0,1,0,0,1,0,0,0,0,0,0,0,15,42,4.47222,0
8/15/2024,213,12,0,1,0,0,0,0,0,1,0,0,0,1,0,0,0,0,0,0,14.8,63,0.88889,0
8/16/2024,81,12,0,1,0,0,0,0,0,1,0,0,0,0,1,0,0,1,0,0,15,65,2.22222,0
8/17/2024,0,12,0,1,0,0,0,0,0,1,0,0,0,0,0,1,0,1,0,0,13,72,3.58333,0
8/18/2024,189,12,0,1,0,0,0,0,0,1,0,0,0,0,0,0,1,0,0,0,11.8,55,3.58333,0
8/19/2024,225,1,0,1,0,0,1,0,0,0,1,0,0,0,0,0,0,0,0,0,9.7,78,4.47222,1
8/20/2024,143,1,0,1,0,0,1,0,0,0,0,1,0,0,0,0,0,0,0,0,11.1,84,4.02778,0
8/21/2024,173,1,0,1,0,0,1,0,0,0,0,0,1,0,0,0,0,0,0,0,11.7,74,1.77778,0
8/22/2024,196,1,0,1,0,0,1,0,0,0,0,0,0,1,0,0,0,0,0,0,11.8,65,6.25,0
8/23/2024,83,1,0,1,0,0,1,0,0,0,0,0,0,0,1,0,0,1,0,0,11.8,84,8.05556,0
8/24/2024,7,1,0,1,0,0,1,0,0,0,0,0,0,0,0,1,0,1,0,0,11.9,98,4.91667,0
8/25/2024,204,1,0,1,0,0,1,0,0,0,0,0,0,0,0,0,1,0,0,0,11.8,76,2.69444,1
8/26/2024,251,1,0,1,0,0,1,0,0,0,1,0,0,0,0,0,0,0,0,0,11.5,65,2.22222,0
8/27/2024,239,1,0,1,0,0,1,0,0,0,0,1,0,0,0,0,0,0,0,0,11.9,65,2.69444,0
8/28/2024,207,1,0,1,0,0,1,0,0,0,0,0,1,0,0,0,0,0,0,0,14.2,66,1.33333,0
8/29/2024,241,1,0,1,0,0,1,0,0,0,0,0,0,1,0,0,0,0,0,0,15.2,37,3.58333,0
8/30/2024,92,1,0,1,0,0,1,0,0,0,0,0,0,0,1,0,0,1,0,0,12.1,70,2.69444,0
8/31/2024,0,1,0,1,0,0,1,0,0,0,0,0,0,0,0,1,0,1,0,0,14.7,57,3.13889,0
09/01/2024,217,1,0,1,0,0,1,0,0,0,0,0,0,0,0,0,1,0,0,0,13.1,63,5.36111,0
09/02/2024,228,1,0,1,0,0,1,0,0,0,1,0,0,0,0,0,0,0,0,0,11.8,89,4.02778,0
09/03/2024,219,1,0,1,0,0,1,0,0,0,0,1,0,0,0,0,0,0,0,0,11.6,77,1.77778,0
09/04/2024,181,1,0,1,0,0,1,0,0,0,0,0,1,0,0,0,0,0,0,0,10.6,87,2.69444,0
09/05/2024,192,1,0,1,0,0,1,0,0,0,0,0,0,1,0,0,0,0,0,0,12.5,66,8.5,0
09/06/2024,95,1,0,1,0,0,1,0,0,0,0,0,0,0,1,0,0,1,0,0,8.6,83,7.61111,0
09/07/2024,3,1,0,1,0,0,1,0,0,0,0,0,0,0,0,1,0,1,0,0,10.1,77,2.22222,0
09/08/2024,183,1,0,1,0,0,1,0,0,0,0,0,0,0,0,0,1,0,0,0,13.7,45,3.58333,0
09/09/2024,216,1,0,1,0,0,1,0,0,0,1,0,0,0,0,0,0,0,0,0,13,51,3.13889,0
09/10/2024,175,1,0,1,0,0,1,0,0,0,0,1,0,0,0,0,0,0,0,0,12.3,74,6.25,0
09/11/2024,144,1,0,1,0,0,1,0,0,0,0,0,1,0,0,0,0,0,0,0,12.3,75,3.13889,0
09/12/2024,156,1,0,1,0,0,1,0,0,0,0,0,0,1,0,0,0,0,0,0,10,83,6.25,0
9/13/2024,92,1,0,1,0,0,1,0,0,0,0,0,0,0,1,0,0,1,0,0,7.6,79,5.80556,0
9/14/2024,0,1,0,1,0,0,1,0,0,0,0,0,0,0,0,1,0,1,0,0,9.1,98,4.02778,0
9/15/2024,191,1,0,1,0,0,1,0,0,0,0,0,0,0,0,0,1,0,0,0,9.6,88,2.22222,0
9/16/2024,211,1,0,1,0,0,1,0,0,0,1,0,0,0,0,0,0,0,0,0,9.5,86,2.69444,0
9/17/2024,151,1,0,1,0,0,1,0,0,0,0,1,0,0,0,0,0,0,0,0,10.6,80,1.77778,0
9/18/2024,184,1,0,1,0,0,1,0,0,0,0,0,1,0,0,0,0,0,0,1,11,75,2.69444,0
9/19/2024,168,2,0,1,0,0,1,0,0,0,0,0,0,1,0,0,0,0,0,0,11.3,71,1.77778,0
9/20/2024,88,2,0,1,0,0,1,0,0,0,0,0,0,0,1,0,0,1,0,0,13.7,62,1.77778,0
9/21/2024,0,2,0,1,0,0,1,0,0,0,0,0,0,0,0,1,0,1,0,0,15.9,43,2.69444,0
9/22/2024,211,2,0,1,0,0,1,0,0,0,0,0,0,0,0,0,1,0,0,0,17,36,3.13889,0
9/23/2024,213,2,0,1,0,0,1,0,0,0,1,0,0,0,0,0,0,0,0,0,17.9,32,3.13889,0
9/24/2024,151,2,0,1,0,0,1,0,0,0,0,1,0,0,0,0,0,0,0,0,17.2,36,2.69444,0
9/25/2024,153,2,0,1,0,0,1,0,0,0,0,0,1,0,0,0,0,0,0,0,18.8,29,2.22222,0
9/26/2024,156,2,0,1,0,0,1,0,0,0,0,0,0,1,0,0,0,0,0,0,19.6,28,2.69444,0
9/27/2024,57,2,0,1,0,0,1,0,0,0,0,0,0,0,1,0,0,1,0,0,18.3,41,3.13889,0
9/28/2024,0,2,0,1,0,0,1,0,0,0,0,0,0,0,0,1,0,1,0,0,21.3,29,3.13889,0
9/29/2024,175,2,0,1,0,0,1,0,0,0,0,0,0,0,0,0,1,0,0,0,19.1,56,3.58333,0
9/30/2024,180,2,0,1,0,0,1,0,0,0,1,0,0,0,0,0,0,0,0,0,15,81,3.13889,0
10/01/2024,157,2,0,1,0,0,1,0,0,0,0,1,0,0,0,0,0,0,0,0,11.9,86,5.36111,0
10/02/2024,164,2,0,1,0,0,1,0,0,0,0,0,1,0,0,0,0,0,0,0,12,75,3.13889,0
10/03/2024,183,2,0,1,0,0,1,0,0,0,0,0,0,1,0,0,0,0,0,0,13.7,66,3.13889,0
10/04/2024,69,2,0,1,0,0,1,0,0,0,0,0,0,0,1,0,0,1,0,0,13.3,80,2.22222,0
10/05/2024,0,2,0,1,0,0,1,0,0,0,0,0,0,0,0,1,0,1,0,0,11.3,76,5.80556,0
10/06/2024,208,2,0,1,0,0,1,0,0,0,0,0,0,0,0,0,1,0,0,0,12,88,6.69444,0
10/07/2024,192,2,0,1,0,0,1,0,0,0,1,0,0,0,0,0,0,0,0,0,12.5,80,1.33333,0
10/08/2024,211,2,0,1,0,0,1,0,0,0,0,1,0,0,0,0,0,0,0,0,13.1,65,2.22222,0
10/09/2024,184,2,0,1,0,0,1,0,0,0,0,0,1,0,0,0,0,0,0,0,14.5,53,1.77778,0
10/10/2024,215,2,0,1,0,0,1,0,0,0,0,0,0,1,0,0,0,0,0,0,15.4,69,2.22222,0
10/11/2024,60,2,0,1,0,0,1,0,0,0,0,0,0,0,1,0,0,1,0,0,14.6,76,2.22222,0
10/12/2024,1,2,0,1,0,0,1,0,0,0,0,0,0,0,0,1,0,1,0,0,12.6,81,3.13889,0
10/13/2024,197,2,0,1,0,0,1,0,0,0,0,0,0,0,0,0,1,0,0,0,14.9,69,6.25,0
10/14/2024,201,2,0,1,0,0,1,0,0,0,1,0,0,0,0,0,0,0,0,0,14.8,66,4.91667,0
10/15/2024,200,2,0,1,0,0,1,0,0,0,0,1,0,0,0,0,0,0,0,0,12.9,76,4.02778,0
10/16/2024,160,2,0,1,0,0,1,0,0,0,0,0,1,0,0,0,0,0,0,1,13.2,63,2.69444,0
10/17/2024,153,3,0,0,0,1,1,0,0,0,0,0,0,1,0,0,0,0,0,1,14.7,61,1.77778,0
10/18/2024,76,3,0,0,0,1,1,0,0,0,0,0,0,0,1,0,0,1,0,1,16.3,53,2.22222,0
10/19/2024,3,3,0,0,0,1,1,0,0,0,0,0,0,0,0,1,0,1,0,0,18.8,49,2.22222,0
10/20/2024,179,3,0,0,0,1,1,0,0,0,0,0,0,0,0,0,1,0,0,0,21.6,32,3.13889,0
10/21/2024,189,3,0,0,0,1,1,0,0,0,1,0,0,0,0,0,0,0,0,0,18.9,45,3.58333,0
10/22/2024,161,3,0,0,0,1,1,0,0,0,0,1,0,0,0,0,0,0,0,0,18.8,58,4.91667,0
10/23/2024,167,3,0,0,0,1,1,0,0,0,0,0,1,0,0,0,0,0,0,0,18,47,3.13889,0
10/24/2024,140,3,0,0,0,1,1,0,0,0,0,0,0,1,0,0,0,0,0,0,20.7,47,6.69444,0
10/25/2024,68,3,0,0,0,1,1,0,0,0,0,0,0,0,1,0,0,1,0,0,14.1,77,4.91667,0
10/26/2024,0,3,0,0,0,1,1,0,0,0,0,0,0,0,0,1,0,1,0,0,12.8,73,2.69444,0
10/27/2024,161,3,0,0,0,1,1,0,0,0,0,0,0,0,0,0,1,0,0,0,13,73,2.22222,0
10/28/2024,136,3,0,0,0,1,1,0,0,0,1,0,0,0,0,0,0,0,0,0,13.7,72,2.69444,0
10/29/2024,145,3,0,0,0,1,1,0,0,0,0,1,0,0,0,0,0,0,0,0,15,61,2.69444,0
10/30/2024,141,3,0,0,0,1,1,0,0,0,0,0,1,0,0,0,0,0,0,0,16.5,50,2.69444,0
10/31/2024,125,3,0,0,0,1,1,0,0,0,0,0,0,1,0,0,0,0,0,0,14.4,58,2.22222,0
11/01/2024,57,3,0,0,0,1,1,0,0,0,0,0,0,0,1,0,0,1,0,0,13.6,72,3.58333,0
11/02/2024,1,3,0,0,0,1,1,0,0,0,0,0,0,0,0,1,0,1,0,0,13.5,63,2.69444,0
11/03/2024,132,3,0,0,0,1,1,0,0,0,0,0,0,0,0,0,1,0,0,0,20.2,28,3.13889,0
11/04/2024,175,3,0,0,0,1,1,0,0,0,1,0,0,0,0,0,0,0,0,0,23.8,27,3.13889,0
11/05/2024,204,3,0,0,0,1,1,0,0,0,0,1,0,0,0,0,0,0,0,0,17.7,46,2.69444,0
11/06/2024,177,3,0,0,0,1,1,0,0,0,0,0,1,0,0,0,0,0,0,0,20,29,2.22222,0
11/07/2024,152,3,0,0,0,1,1,0,0,0,0,0,0,1,0,0,0,0,0,1,24,19,3.13889,0
11/08/2024,64,3,0,0,0,1,1,0,0,0,0,0,0,0,1,0,0,1,0,1,28.8,15,5.80556,0
11/09/2024,0,3,0,0,0,1,1,0,0,0,0,0,0,0,0,1,0,1,0,1,16.2,67,5.36111,0
11/10/2024,203,3,0,0,0,1,1,0,0,0,0,0,0,0,0,0,1,0,0,1,14.3,63,3.58333,0
11/11/2024,211,3,0,0,0,1,1,0,0,0,1,0,0,0,0,0,0,0,0,1,20,43,1.33333,0
11/12/2024,180,3,0,0,0,1,1,0,0,0,0,1,0,0,0,0,0,0,0,1,21.7,47,1.33333,0
11/13/2024,160,3,0,0,0,1,1,0,0,0,0,0,1,0,0,0,0,0,0,1,25.4,41,4.47222,0
11/14/2024,123,3,0,0,0,1,1,0,0,0,0,0,0,1,0,0,0,0,0,1,16.2,66,6.25,1
11/15/2024,72,3,0,0,0,1,1,0,0,0,0,0,0,0,1,0,0,1,0,1,13.5,76,4.91667,0
11/16/2024,4,3,0,0,0,1,1,0,0,0,0,0,0,0,0,1,0,1,1,1,15,68,3.58333,0
11/17/2024,181,4,0,0,0,1,0,1,0,0,0,0,0,0,0,0,1,0,1,1,17.2,63,3.13889,0
11/18/2024,181,4,0,0,0,1,0,1,0,0,1,0,0,0,0,0,0,0,1,1,17.1,70,3.13889,0
11/19/2024,181,4,0,0,0,1,0,1,0,0,0,1,0,0,0,0,0,0,1,1,15.7,71,4.91667,0
11/20/2024,119,4,0,0,0,1,0,1,0,0,0,0,1,0,0,0,0,0,1,1,18.4,53,2.69444,0
11/21/2024,143,4,0,0,0,1,0,1,0,0,0,0,0,1,0,0,0,0,1,1,20.1,58,3.58333,0
11/22/2024,79,4,0,0,0,1,0,1,0,0,0,0,0,0,1,0,0,1,1,1,19.5,67,3.13889,0
11/23/2024,1,4,0,0,0,1,0,1,0,0,0,0,0,0,0,1,0,1,1,1,19.1,64,2.69444,0
11/24/2024,168,4,0,0,0,1,0,1,0,0,0,0,0,0,0,0,1,0,1,0,16.8,70,4.02778,0
11/25/2024,191,4,0,0,0,1,0,1,0,0,1,0,0,0,0,0,0,0,1,0,14.9,69,3.58333,0
11/26/2024,133,4,0,0,0,1,0,1,0,0,0,1,0,0,0,0,0,0,1,0,13.7,78,4.47222,0
11/27/2024,156,4,0,0,0,1,0,1,0,0,0,0,1,0,0,0,0,0,1,0,15.4,75,2.69444,0
11/28/2024,149,4,0,0,0,1,0,1,0,0,0,0,0,1,0,0,0,0,1,0,18.4,57,1.77778,0
11/29/2024,83,4,0,0,0,1,0,1,0,0,0,0,0,0,1,0,0,1,1,0,21.5,39,3.58333,0
11/30/2024,4,4,0,0,0,1,0,1,0,0,0,0,0,0,0,1,0,1,1,0,20.4,48,3.58333,0
12/01/2024,164,4,0,0,0,1,0,1,0,0,0,0,0,0,0,0,1,0,1,0,15.8,66,0,0
12/02/2024,153,4,0,0,0,1,0,1,0,0,1,0,0,0,0,0,0,0,1,0,20.7,37,3.13889,0
12/03/2024,189,4,0,0,0,1,0,1,0,0,0,1,0,0,0,0,0,0,0,0,23,23,3.13889,0
12/04/2024,164,4,0,0,0,1,0,1,0,0,0,0,1,0,0,0,0,0,0,0,26.4,23,2.22222,0
12/05/2024,176,4,0,0,0,1,0,1,0,0,0,0,0,1,0,0,0,0,0,1,19.4,67,4.02778,0
12/06/2024,64,4,0,0,0,1,0,1,0,0,0,0,0,0,1,0,0,1,0,0,18.7,57,4.02778,0
12/07/2024,1,4,0,0,0,1,0,1,0,0,0,0,0,0,0,1,0,1,0,0,18.2,64,4.47222,0
12/08/2024,133,4,0,0,0,1,0,1,0,0,0,0,0,0,0,0,1,0,0,0,16,71,4.02778,0
12/09/2024,180,4,0,0,0,1,0,1,0,0,1,0,0,0,0,0,0,0,0,0,17,60,3.58333,0
12/10/2024,155,4,0,0,0,1,0,1,0,0,0,1,0,0,0,0,0,0,0,0,19.3,60,3.58333,0
12/11/2024,148,4,0,0,0,1,0,1,0,0,0,0,1,0,0,0,0,0,0,0,16.2,79,4.91667,1
12/12/2024,140,4,0,0,0,1,0,1,0,0,0,0,0,1,0,0,0,0,0,0,16.2,82,3.13889,0
12/13/2024,75,4,0,0,0,1,0,1,0,0,0,0,0,0,1,0,0,1,0,0,17.6,74,4.02778,0
12/14/2024,0,4,0,0,0,1,0,1,0,0,0,0,0,0,0,1,0,1,0,0,19.8,58,4.02778,0
12/15/2024,177,4,0,0,0,1,0,1,0,0,0,0,0,0,0,0,1,0,0,0,22.3,41,2.22222,0
12/16/2024,183,4,0,0,0,1,0,1,0,0,1,0,0,0,0,0,0,0,0,0,26.5,28,2.22222,0
12/17/2024,195,5,0,0,0,1,0,1,0,0,0,1,0,0,0,0,0,0,0,0,27.6,25,5.80556,0
12/18/2024,197,5,0,0,0,1,0,1,0,0,0,0,1,0,0,0,0,0,0,0,28.1,27,4.91667,0
12/19/2024,113,5,0,0,0,1,0,1,0,0,0,0,0,1,0,0,0,0,0,1,30,20,3.13889,0
12/20/2024,8,5,0,0,0,1,0,1,0,0,0,0,0,0,1,0,0,1,0,0,29.7,25,3.13889,0
12/21/2024,4,5,0,0,0,1,0,1,0,0,0,0,0,0,0,1,0,1,0,0,21.6,64,4.02778,0
12/22/2024,161,5,0,0,0,1,0,1,0,0,0,0,0,0,0,0,1,0,0,0,25.9,32,5.80556,0
12/23/2024,153,5,0,0,0,1,0,1,0,0,1,0,0,0,0,0,0,0,0,0,15.9,87,1.77778,0
12/24/2024,197,5,0,0,0,1,0,1,0,0,0,1,0,0,0,0,0,0,0,0,19.3,61,5.80556,0
12/25/2024,168,5,0,0,0,1,0,1,0,0,0,0,1,0,0,0,0,0,0,0,15.8,92,1.33333,0
12/26/2024,159,5,0,0,0,1,0,1,0,0,0,0,0,1,0,0,0,0,0,0,None,None,None,None
12/27/2024,87,5,0,0,0,1,0,1,0,0,0,0,0,0,1,0,0,1,0,0,21.7,61,4.47222,0
12/28/2024,4,5,0,0,0,1,0,1,0,0,0,0,0,0,0,1,0,1,0,0,19.4,68,4.47222,0
12/29/2024,169,5,0,0,0,1,0,1,0,0,0,0,0,0,0,0,1,0,0,1,15.9,83,0,0
12/30/2024,183,5,0,0,0,1,0,1,0,0,1,0,0,0,0,0,0,0,0,0,18.8,66,2.69444,0
12/31/2024,179,5,0,0,0,1,0,1,0,0,0,1,0,0,0,0,0,0,0,0,19.6,64,4.02778,0
01/01/2025,79,5,0,0,0,1,0,1,0,0,0,0,1,0,0,0,0,0,0,0,22,58,3.13889,0
01/02/2025,3,5,0,0,0,1,0,1,0,0,0,0,0,1,0,0,0,0,0,0,29.2,27,4.91667,0
01/03/2025,75,5,0,0,0,1,0,1,0,0,0,0,0,0,1,0,0,1,0,0,32.3,17,5.36111,0
01/04/2025,5,5,0,0,0,1,0,1,0,0,0,0,0,0,0,1,0,1,0,1,30.4,33,3.13889,0
01/05/2025,200,5,0,0,0,1,0,1,0,0,0,0,0,0,0,0,1,0,1,1,26,46,2.69444,0
01/06/2025,199,5,0,0,0,1,0,1,0,0,1,0,0,0,0,0,0,0,0,1,28.7,25,1.77778,0
01/07/2025,199,5,0,0,0,1,0,1,0,0,0,1,0,0,0,0,0,0,0,0,31.5,16,1.77778,0
01/08/2025,149,5,0,0,0,1,0,1,0,0,0,0,1,0,0,0,0,0,0,0,26.5,43,3.58333,0
01/09/2025,167,5,0,0,0,1,0,1,0,0,0,0,0,1,0,0,0,0,0,0,24.7,45,2.69444,0
01/10/2025,76,5,0,0,0,1,0,1,0,0,0,0,0,0,1,0,0,1,0,0,26.6,26,3.58333,0
01/11/2025,4,5,0,0,0,1,0,1,0,0,0,0,0,0,0,1,0,1,0,0,24.9,49,3.13889,0
01/12/2025,212,5,0,0,0,1,0,1,0,0,0,0,0,0,0,0,1,0,0,0,24,57,3.13889,0
1/13/2025,199,5,0,0,0,1,0,1,0,0,1,0,0,0,0,0,0,0,0,0,23.4,64,4.47222,0
1/14/2025,217,5,0,0,0,1,0,1,0,0,0,1,0,0,0,0,0,0,0,0,22.2,68,3.13889,0
1/15/2025,171,5,0,0,0,1,0,1,0,0,0,0,1,0,0,0,0,0,0,0,22.5,65,3.58333,0
1/16/2025,179,5,0,0,0,1,0,1,0,0,0,0,0,1,0,0,0,0,0,0,None,None,None,None
1/17/2025,91,6,1,0,0,0,0,1,0,0,0,0,0,0,1,0,0,1,0,0,None,None,None,None
1/18/2025,1,6,1,0,0,0,0,1,0,0,0,0,0,0,0,1,0,1,0,0,None,None,None,None
1/19/2025,185,6,1,0,0,0,0,1,0,0,0,0,0,0,0,0,1,0,0,0,None,None,None,None
1/20/2025,215,6,1,0,0,0,0,1,0,0,1,0,0,0,0,0,0,0,0,0,None,None,None,None
1/21/2025,188,6,1,0,0,0,0,1,0,0,0,1,0,0,0,0,0,0,0,0,None,None,None,None
1/22/2025,187,6,1,0,0,0,0,1,0,0,0,0,1,0,0,0,0,0,0,0,None,None,None,None
1/23/2025,157,6,1,0,0,0,0,1,0,0,0,0,0,1,0,0,0,0,0,0,None,None,None,None
1/24/2025,72,6,1,0,0,0,0,1,0,0,0,0,0,0,1,0,0,1,0,0,None,None,None,None
1/25/2025,0,6,1,0,0,0,0,1,0,0,0,0,0,0,0,1,0,1,0,0,None,None,None,None
1/26/2025,209,6,1,0,0,0,0,1,0,0,0,0,0,0,0,0,1,0,0,0,None,None,None,None
1/27/2025,200,6,1,0,0,0,0,1,0,0,1,0,0,0,0,0,0,0,0,0,None,None,None,None
1/28/2025,172,6,1,0,0,0,0,1,0,0,0,1,0,0,0,0,0,0,0,0,None,None,None,None
1/29/2025,167,6,1,0,0,0,0,1,0,0,0,0,1,0,0,0,0,0,0,0,None,None,None,None
1/30/2025,193,6,1,0,0,0,0,1,0,0,0,0,0,1,0,0,0,0,0,0,None,None,None,None
1/31/2025,76,6,1,0,0,0,0,1,0,0,0,0,0,0,1,0,0,1,0,0,None,None,None,None
02/01/2025,1,6,1,0,0,0,0,1,0,0,0,0,0,0,0,1,0,1,0,0,None,None,None,None
02/02/2025,3,6,1,0,0,0,0,1,0,0,0,0,0,0,0,0,1,0,0,0,None,None,None,None
02/03/2025,145,6,1,0,0,0,0,1,0,0,1,0,0,0,0,0,0,0,0,0,None,None,None,None
02/04/2025,265,6,1,0,0,0,0,1,0,0,0,1,0,0,0,0,0,0,0,0,None,None,None,None
02/05/2025,219,6,1,0,0,0,0,1,0,0,0,0,1,0,0,0,0,0,0,1,None,None,None,None
02/06/2025,203,6,1,0,0,0,0,1,0,0,0,0,0,1,0,0,0,0,0,1,None,None,None,None
02/07/2025,84,6,1,0,0,0,0,1,0,0,0,0,0,0,1,0,0,1,0,1,24.2,33,0,0
02/08/2025,1,6,1,0,0,0,0,1,0,0,0,0,0,0,0,1,0,1,0,1,25.9,42,4.02778,0
02/09/2025,155,6,1,0,0,0,0,1,0,0,0,0,0,0,0,0,1,0,0,1,24.9,60,3.13889,0
02/10/2025,231,6,1,0,0,0,0,1,0,0,1,0,0,0,0,0,0,0,0,1,25.5,60,3.13889,0
02/11/2025,184,6,1,0,0,0,0,1,0,0,0,1,0,0,0,0,0,0,0,1,25.1,60,3.13889,0
02/12/2025,215,6,1,0,0,0,0,1,0,0,0,0,1,0,0,0,0,0,0,1,28.5,40,3.58333,0
2/13/2025,208,6,1,0,0,0,0,1,0,0,0,0,0,1,0,0,0,0,0,1,21.6,81,1.77778,0
2/14/2025,104,6,1,0,0,0,0,1,0,0,0,0,0,0,1,0,0,1,0,1,23.7,64,3.13889,0
2/15/2025,3,6,1,0,0,0,0,1,0,0,0,0,0,0,0,1,0,1,0,1,24.3,58,3.13889,0
2/16/2025,211,7,1,0,0,0,0,0,1,0,0,0,0,0,0,0,1,0,0,1,24.5,61,4.02778,0
2/17/2025,257,7,1,0,0,0,0,0,1,0,1,0,0,0,0,0,0,0,0,1,25,64,3.13889,0
2/18/2025,248,7,1,0,0,0,0,0,1,0,0,1,0,0,0,0,0,0,0,1,25.6,61,2.69444,0
2/19/2025,193,7,1,0,0,0,0,0,1,0,0,0,1,0,0,0,0,0,0,1,None,None,None,None
2/20/2025,159,7,1,0,0,0,0,0,1,0,0,0,0,1,0,0,0,0,0,1,27.5,55,3.58333,0
2/21/2025,63,7,1,0,0,0,0,0,1,0,0,0,0,0,1,0,0,1,0,1,26.7,58,3.13889,0
2/22/2025,5,7,1,0,0,0,0,0,1,0,0,0,0,0,0,1,0,1,0,1,27.3,54,2.69444,0
2/23/2025,213,7,1,0,0,0,0,0,1,0,0,0,0,0,0,0,1,0,0,1,26.2,49,2.22222,0
2/24/2025,205,7,1,0,0,0,0,0,1,0,1,0,0,0,0,0,0,0,0,1,26.2,44,2.69444,0
2/25/2025,188,7,1,0,0,0,0,0,1,0,0,1,0,0,0,0,0,0,0,1,25.7,56,2.69444,0
2/26/2025,168,7,1,0,0,0,0,0,1,0,0,0,1,0,0,0,0,0,0,1,26.3,58,3.58333,0
2/27/2025,184,7,1,0,0,0,0,0,1,0,0,0,0,1,0,0,0,0,0,1,24.3,64,2.69444,0
2/28/2025,84,7,1,0,0,0,0,0,1,0,0,0,0,0,1,0,0,1,0,1,24.7,68,3.13889,0
03/01/2025,4,7,1,0,0,0,0,0,1,0,0,0,0,0,0,1,0,1,0,1,26.5,68,3.58333,0
03/02/2025,169,7,1,0,0,0,0,0,1,0,0,0,0,0,0,0,1,0,0,1,24.7,51,0.44444,0
03/03/2025,257,7,1,0,0,0,0,0,1,0,1,0,0,0,0,0,0,0,0,1,27,58,3.58333,0
03/04/2025,188,7,1,0,0,0,0,0,1,0,0,1,0,0,0,0,0,0,0,1,26.5,62,3.58333,0
03/05/2025,203,7,1,0,0,0,0,0,1,0,0,0,1,0,0,0,0,0,0,1,26.7,47,3.58333,0
03/06/2025,173,7,1,0,0,0,0,0,1,0,0,0,0,1,0,0,0,0,0,1,26,61,2.69444,0
03/07/2025,72,7,1,0,0,0,0,0,1,0,0,0,0,0,1,0,0,1,0,1,25.5,66,4.02778,0
03/08/2025,0,7,1,0,0,0,0,0,1,0,0,0,0,0,0,1,0,1,0,1,25.2,64,3.13889,0
03/09/2025,233,7,1,0,0,0,0,0,1,0,0,0,0,0,0,0,1,0,0,1,25.6,70,3.58333,0
03/10/2025,187,7,1,0,0,0,0,0,1,0,1,0,0,0,0,0,0,0,0,1,27,63,2.69444,0
03/11/2025,181,7,1,0,0,0,0,0,1,0,0,1,0,0,0,0,0,0,0,1,28.4,48,2.22222,0
03/12/2025,175,7,1,0,0,0,0,0,1,0,0,0,1,0,0,0,0,0,0,1,31.2,40,4.02778,0
3/13/2025,179,7,1,0,0,0,0,0,1,0,0,0,0,1,0,0,0,0,0,1,26.9,61,1.77778,0
3/14/2025,65,7,1,0,0,0,0,0,1,0,0,0,0,0,1,0,0,1,0,1,5.6,41,1.77778,0
3/15/2025,3,7,1,0,0,0,0,0,1,0,0,0,0,0,0,1,0,1,0,1,24.7,68,3.13889,0
3/16/2025,260,7,1,0,0,0,0,0,1,0,0,0,0,0,0,0,1,0,0,1,25.2,66,2.22222,0
3/17/2025,212,7,1,0,0,0,0,0,1,0,1,0,0,0,0,0,0,0,0,1,24.9,62,2.22222,0
3/18/2025,185,7,1,0,0,0,0,0,1,0,0,1,0,0,0,0,0,0,0,1,25.5,57,2.69444,0
3/19/2025,141,8,1,0,0,0,0,0,1,0,0,0,1,0,0,0,0,0,0,1,25.2,63,3.58333,0
3/20/2025,117,8,1,0,0,0,0,0,1,0,0,0,0,1,0,0,0,0,0,1,25.1,75,4.02778,0
3/21/2025,81,8,1,0,0,0,0,0,1,0,0,0,0,0,1,0,0,1,0,1,26.4,73,4.02778,0
3/22/2025,3,8,1,0,0,0,0,0,1,0,0,0,0,0,0,1,0,1,0,1,26.6,69,3.58333,0
3/23/2025,212,8,1,0,0,0,0,0,1,0,0,0,0,0,0,0,1,0,0,1,26.6,64,2.69444,0
3/24/2025,200,8,1,0,0,0,0,0,1,0,1,0,0,0,0,0,0,0,0,1,27.4,56,2.22222,0
3/25/2025,203,8,1,0,0,0,0,0,1,0,0,1,0,0,0,0,0,0,0,1,25.2,70,2.69444,0
3/26/2025,187,8,1,0,0,0,0,0,1,0,0,0,1,0,0,0,0,0,0,1,25.9,70,2.69444,0
3/27/2025,165,8,1,0,0,0,0,0,1,0,0,0,0,1,0,0,0,0,0,1,26.7,69,3.13889,0
3/28/2025,64,8,1,0,0,0,0,0,1,0,0,0,0,0,1,0,0,1,0,1,27,60,3.13889,0
3/29/2025,0,8,1,0,0,0,0,0,1,0,0,0,0,0,0,1,0,1,0,1,26.6,49,3.13889,0
3/30/2025,207,8,1,0,0,0,0,0,1,0,0,0,0,0,0,0,1,0,0,1,26.5,54,2.22222,0
3/31/2025,196,8,1,0,0,0,0,0,1,0,1,0,0,0,0,0,0,0,0,1,26.4,59,4.47222,0
04/01/2025,215,8,1,0,0,0,0,0,1,0,0,1,0,0,0,0,0,0,0,1,24.8,69,3.13889,0
04/02/2025,168,8,1,0,0,0,0,0,1,0,0,0,1,0,0,0,0,0,0,1,25.4,68,2.69444,0
04/03/2025,207,8,1,0,0,0,0,0,1,0,0,0,0,1,0,0,0,0,0,1,25.5,68,2.69444,0
04/04/2025,65,8,1,0,0,0,0,0,1,0,0,0,0,0,1,0,0,1,0,1,25.2,69,2.69444,0
04/05/2025,1,8,1,0,0,0,0,0,1,0,0,0,0,0,0,1,0,1,0,1,25.1,69,2.69444,0
04/06/2025,196,8,1,0,0,0,0,0,1,0,0,0,0,0,0,0,1,0,0,1,25.6,65,2.69444,0
04/07/2025,203,8,1,0,0,0,0,0,1,0,1,0,0,0,0,0,0,0,0,1,24,73,0.88889,0
04/08/2025,172,8,1,0,0,0,0,0,1,0,0,1,0,0,0,0,0,0,0,1,25.9,63,2.69444,0
04/09/2025,211,8,1,0,0,0,0,0,1,0,0,0,1,0,0,0,0,0,0,1,25.2,70,3.13889,0
04/10/2025,179,8,1,0,0,0,0,0,1,0,0,0,0,1,0,0,0,0,0,1,25.9,72,3.13889,0
04/11/2025,85,8,1,0,0,0,0,0,1,0,0,0,0,0,1,0,0,1,0,1,24.6,75,1.33333,0
04/12/2025,4,8,1,0,0,0,0,0,1,0,0,0,0,0,0,1,0,1,0,1,25.9,69,4.02778,0
4/13/2025,199,8,1,0,0,0,0,0,1,0,0,0,0,0,0,0,1,0,0,1,24.7,71,3.58333,0
4/14/2025,255,8,1,0,0,0,0,0,1,0,1,0,0,0,0,0,0,0,0,1,24.8,72,2.69444,0
4/15/2025,176,8,1,0,0,0,0,0,1,0,0,1,0,0,0,0,0,0,0,1,26,67,2.22222,0
4/16/2025,167,8,1,0,0,0,0,0,1,0,0,0,1,0,0,0,0,0,0,1,26.4,62,3.13889,0
4/17/2025,188,8,1,0,0,0,0,0,1,0,0,0,0,1,0,0,0,0,0,1,26,67,4.02778,0
4/18/2025,101,8,1,0,0,0,0,0,1,0,0,0,0,0,1,0,0,1,0,1,26.3,68,4.02778,0
4/19/2025,4,9,0,0,1,0,0,0,1,0,0,0,0,0,0,1,0,1,0,1,26.5,69,2.69444,0
4/20/2025,211,9,0,0,1,0,0,0,1,0,0,0,0,0,0,0,1,0,0,0,26.2,69,3.58333,0
4/21/2025,224,9,0,0,1,0,0,0,1,0,1,0,0,0,0,0,0,0,0,0,26,66,3.13889,0
4/22/2025,224,9,0,0,1,0,0,0,1,0,0,1,0,0,0,0,0,0,0,0,27.1,56,2.22222,0
4/23/2025,217,9,0,0,1,0,0,0,1,0,0,0,1,0,0,0,0,0,0,0,26.1,57,2.69444,0
4/24/2025,193,9,0,0,1,0,0,0,1,0,0,0,0,1,0,0,0,0,0,0,24.6,69,3.13889,0
4/25/2025,84,9,0,0,1,0,0,0,1,0,0,0,0,0,1,0,0,1,0,0,24.1,66,3.13889,0
4/26/2025,0,9,0,0,1,0,0,0,1,0,0,0,0,0,0,1,0,1,0,0,24.1,66,3.13889,0
4/27/2025,187,9,0,0,1,0,0,0,1,0,0,0,0,0,0,0,1,0,0,1,23.6,68,2.22222,0
4/28/2025,191,9,0,0,1,0,0,0,1,0,1,0,0,0,0,0,0,0,1,1,23.9,70,2.22222,0
4/29/2025,248,9,0,0,1,0,0,0,1,0,0,1,0,0,0,0,0,0,1,1,25.3,55,3.13889,0
4/30/2025,228,9,0,0,1,0,0,0,1,0,0,0,1,0,0,0,0,0,0,0,25.7,62,3.58333,0
05/01/2025,207,9,0,0,1,0,0,0,1,0,0,0,0,1,0,0,0,0,0,0,25.2,64,3.58333,0
05/02/2025,76,9,0,0,1,0,0,0,1,0,0,0,0,0,1,0,0,1,0,0,24.1,64,3.13889,0
05/03/2025,7,9,0,0,1,0,0,0,1,0,0,0,0,0,0,1,0,1,0,0,23.7,64,2.69444,0
05/04/2025,212,9,0,0,1,0,0,0,1,0,0,0,0,0,0,0,1,0,0,0,23.9,65,3.58333,0
05/05/2025,184,9,0,0,1,0,0,0,1,0,1,0,0,0,0,0,0,0,0,0,24.3,68,3.13889,0
05/06/2025,177,9,0,0,1,0,0,0,1,0,0,1,0,0,0,0,0,0,0,1,24.3,69,2.69444,0
05/07/2025,189,9,0,0,1,0,0,0,1,0,0,0,1,0,0,0,0,0,1,1,24.4,69,2.69444,0
05/08/2025,191,9,0,0,1,0,0,0,1,0,0,0,0,1,0,0,0,0,0,0,24.8,63,2.69444,0
05/09/2025,68,9,0,0,1,0,0,0,1,0,0,0,0,0,1,0,0,1,0,0,23.5,67,3.13889,0
05/10/2025,1,9,0,0,1,0,0,0,1,0,0,0,0,0,0,1,0,1,0,0,23.8,66,2.69444,0
05/11/2025,187,9,0,0,1,0,0,0,1,0,0,0,0,0,0,0,1,0,0,1,24.2,60,2.69444,0
05/12/2025,225,9,0,0,1,0,0,0,1,0,1,0,0,0,0,0,0,0,0,1,24.3,65,3.13889,0
5/13/2025,204,9,0,0,1,0,0,0,1,0,0,1,0,0,0,0,0,0,0,1,24,71,2.69444,0
5/14/2025,196,9,0,0,1,0,0,0,1,0,0,0,1,0,0,0,0,0,0,1,23.8,67,2.69444,0
5/15/2025,196,9,0,0,1,0,0,0,1,0,0,0,0,1,0,0,0,0,0,1,24.1,62,1.77778,0
5/16/2025,65,9,0,0,1,0,0,0,1,0,0,0,0,0,1,0,0,1,0,1,25.6,49,3.13889,0
5/17/2025,3,9,0,0,1,0,0,0,1,0,0,0,0,0,0,1,0,1,0,1,28.6,30,4.02778,0
5/18/2025,179,9,0,0,1,0,0,0,1,0,0,0,0,0,0,0,1,0,0,1,27.1,64,3.13889,0
5/19/2025,208,10,0,0,1,0,0,0,0,1,1,0,0,0,0,0,0,0,1,1,26.1,73,3.58333,0
5/20/2025,205,10,0,0,1,0,0,0,0,1,0,1,0,0,0,0,0,0,0,0,26.3,61,3.58333,0
5/21/2025,212,10,0,0,1,0,0,0,0,1,0,0,1,0,0,0,0,0,0,0,25.7,62,3.13889,0
5/22/2025,179,10,0,0,1,0,0,0,0,1,0,0,0,1,0,0,0,0,0,0,22.9,76,3.58333,0
5/23/2025,97,10,0,0,1,0,0,0,0,1,0,0,0,0,1,0,0,1,0,0,22.8,72,2.69444,0
5/24/2025,4,10,0,0,1,0,0,0,0,1,0,0,0,0,0,1,0,1,0,0,23,73,3.58333,0
5/25/2025,109,10,0,0,1,0,0,0,0,1,0,0,0,0,0,0,1,0,0,0,22.9,70,2.22222,0
5/26/2025,3,10,0,0,1,0,0,0,0,1,1,0,0,0,0,0,0,0,0,0,22,73,3.58333,0
5/27/2025,0,10,0,0,1,0,0,0,0,1,0,1,0,0,0,0,0,0,0,0,21.8,69,3.58333,0
5/28/2025,204,10,0,0,1,0,0,0,0,1,0,0,1,0,0,0,0,0,0,0,22,68,3.58333,0
5/29/2025,235,10,0,0,1,0,0,0,0,1,0,0,0,1,0,0,0,0,0,0,22.8,60,4.02778,0
5/30/2025,109,10,0,0,1,0,0,0,0,1,0,0,0,0,1,0,0,1,0,0,20.9,68,3.13889,0
5/31/2025,0,10,0,0,1,0,0,0,0,1,0,0,0,0,0,1,0,1,0,0,22,65,3.13889,0
06/01/2025,237,10,0,0,1,0,0,0,0,1,0,0,0,0,0,0,1,0,0,0,23.1,62,4.02778,0
06/02/2025,273,10,0,0,1,0,0,0,0,1,1,0,0,0,0,0,0,0,0,0,22.7,66,3.13889,0
06/03/2025,85,10,0,0,1,0,0,0,0,1,0,1,0,0,0,0,0,0,0,0,21.3,71,3.58333,0
06/04/2025,0,10,0,0,1,0,0,0,0,1,0,0,1,0,0,0,0,0,0,0,21.6,75,4.02778,0
06/05/2025,225,10,0,0,1,0,0,0,0,1,0,0,0,1,0,0,0,0,0,0,22.3,78,3.58333,0
06/06/2025,67,10,0,0,1,0,0,0,0,1,0,0,0,0,1,0,0,1,0,0,22.5,77,3.58333,0
06/07/2025,5,10,0,0,1,0,0,0,0,1,0,0,0,0,0,1,0,1,0,0,21.5,73,3.58333,0
06/08/2025,143,10,0,0,1,0,0,0,0,1,0,0,0,0,0,0,1,0,0,0,21.9,67,2.22222,0
06/09/2025,3,10,0,0,1,0,0,0,0,1,1,0,0,0,0,0,0,0,0,0,26.7,33,3.58333,0
06/10/2025,229,10,0,0,1,0,0,0,0,1,0,1,0,0,0,0,0,0,0,0,28.7,25,4.91667,0
06/11/2025,260,10,0,0,1,0,0,0,0,1,0,0,1,0,0,0,0,0,0,0,26.1,32,1.77778,0
06/12/2025,267,10,0,0,1,0,0,0,0,1,0,0,0,1,0,0,0,0,0,0,23.9,47,6.25,0
6/13/2025,139,10,0,0,1,0,0,0,0,1,0,0,0,0,1,0,0,1,0,0,17.8,66,5.80556,1
6/14/2025,0,10,0,0,1,0,0,0,0,1,0,0,0,0,0,1,0,1,0,0,17.4,61,2.69444,0
6/15/2025,148,10,0,0,1,0,0,0,0,1,0,0,0,0,0,0,1,0,0,0,20,28,5.36111,0
6/16/2025,3,10,0,0,1,0,0,0,0,1,1,0,0,0,0,0,0,0,0,0,21.3,24,4.02778,0
6/17/2025,245,10,0,0,1,0,0,0,0,1,0,1,0,0,0,0,0,0,0,0,22.1,21,3.13889,0
6/18/2025,245,10,0,0,1,0,0,0,0,1,0,0,1,0,0,0,0,0,0,0,22.7,22,3.58333,0
6/19/2025,223,11,0,0,1,0,0,0,0,1,0,0,0,1,0,0,0,0,0,0,22.5,19,3.58333,0
6/20/2025,97,11,0,0,1,0,0,0,0,1,0,0,0,0,1,0,0,1,0,0,21.9,22,3.58333,0
6/21/2025,0,11,0,0,1,0,0,0,0,1,0,0,0,0,0,1,0,1,0,0,20.9,34,2.22222,0
6/22/2025,235,11,0,0,1,0,0,0,0,1,0,0,0,0,0,0,1,0,0,0,19.2,47,2.22222,0
6/23/2025,225,11,0,0,1,0,0,0,0,1,1,0,0,0,0,0,0,0,0,0,16.7,80,3.58333,1
6/24/2025,209,11,0,0,1,0,0,0,0,1,0,1,0,0,0,0,0,0,0,0,16.9,88,3.13889,0
6/25/2025,219,11,0,0,1,0,0,0,0,1,0,0,1,0,0,0,0,0,0,0,17.5,76,3.13889,0
6/26/2025,209,11,0,0,1,0,0,0,0,1,0,0,0,1,0,0,0,0,0,0,18.2,67,2.69444,0
6/27/2025,72,11,0,0,1,0,0,0,0,1,0,0,0,0,1,0,0,1,0,0,18.8,61,2.69444,0
6/28/2025,0,11,0,0,1,0,0,0,0,1,0,0,0,0,0,1,0,1,0,0,17.9,64,2.22222,0
6/29/2025,240,11,0,0,1,0,0,0,0,1,0,0,0,0,0,0,1,0,0,0,16.8,71,1.77778,0
6/30/2025,229,11,0,0,1,0,0,0,0,1,1,0,0,0,0,0,0,0,0,0,15.4,75,1.77778,0
07/01/2025,216,11,0,0,1,0,0,0,0,1,0,1,0,0,0,0,0,0,0,0,16.8,62,3.13889,0
07/02/2025,208,11,0,0,1,0,0,0,0,1,0,0,1,0,0,0,0,0,0,0,16.1,79,3.13889,0
07/03/2025,171,11,0,0,1,0,0,0,0,1,0,0,0,1,0,0,0,0,0,0,16.7,73,2.69444,0
07/04/2025,87,11,0,0,1,0,0,0,0,1,0,0,0,0,1,0,0,1,0,0,15.7,75,3.13889,0
07/05/2025,1,11,0,0,1,0,0,0,0,1,0,0,0,0,0,1,0,1,0,0,17.4,60,1.77778,0
07/06/2025,217,11,0,0,1,0,0,0,0,1,0,0,0,0,0,0,1,0,0,0,20.4,41,3.13889,0
07/07/2025,160,11,0,0,1,0,0,0,0,1,1,0,0,0,0,0,0,0,0,0,19.2,65,3.58333,0
07/08/2025,224,11,0,0,1,0,0,0,0,1,0,1,0,0,0,0,0,0,0,0,18.3,76,1.33333,0
07/09/2025,215,11,0,0,1,0,0,0,0,1,0,0,1,0,0,0,0,0,0,0,17.6,77,0.88889,0
07/10/2025,224,11,0,0,1,0,0,0,0,1,0,0,0,1,0,0,0,0,0,0,13.7,62,0.88889,0
07/11/2025,59,11,0,0,1,0,0,0,0,1,0,0,0,0,1,0,0,1,0,0,14.6,74,4.91667,1
07/12/2025,1,11,0,0,1,0,0,0,0,1,0,0,0,0,0,1,0,1,0,0,13.9,91,1.77778,1
7/13/2025,191,11,0,0,1,0,0,0,0,1,0,0,0,0,0,0,1,0,0,0,15,87,2.69444,0
7/14/2025,277,11,0,0,1,0,0,0,0,1,1,0,0,0,0,0,0,0,0,0,16.1,73,0.88889,0
7/15/2025,9,11,0,0,1,0,0,0,0,1,0,1,0,0,0,0,0,0,0,0,17.4,53,2.22222,0
7/16/2025,257,11,0,0,1,0,0,0,0,1,0,0,1,0,0,0,0,0,0,0,18.8,48,2.22222,0
7/17/2025,255,11,0,0,1,0,0,0,0,1,0,0,0,1,0,0,0,0,0,0,17.4,66,1.33333,0
7/18/2025,105,11,0,0,1,0,0,0,0,1,0,0,0,0,1,0,0,1,0,0,17,67,2.22222,0
7/19/2025,1,12,0,1,0,0,0,0,0,1,0,0,0,0,0,1,0,1,0,0,14.7,69,0,0
7/20/2025,231,12,0,1,0,0,0,0,0,1,0,0,0,0,0,0,1,0,0,0,16.9,48,2.69444,0
7/21/2025,236,12,0,1,0,0,0,0,0,1,1,0,0,0,0,0,0,0,0,0,17.4,62,2.69444,0
7/22/2025,236,12,0,1,0,0,0,0,0,1,0,1,0,0,0,0,0,0,0,0,14.2,64,1.77778,0
7/23/2025,200,12,0,1,0,0,0,0,0,1,0,0,1,0,0,0,0,0,0,0,14.4,54,3.58333,0
7/24/2025,263,12,0,1,0,0,0,0,0,1,0,0,0,1,0,0,0,0,0,0,14.1,75,5.80556,1
7/25/2025,95,12,0,1,0,0,0,0,0,1,0,0,0,0,1,0,0,1,0,0,12.5,66,1.33333,0
7/26/2025,0,12,0,1,0,0,0,0,0,1,0,0,0,0,0,1,0,1,0,0,12.6,71,1.33333,0
7/27/2025,204,12,0,1,0,0,0,0,0,1,0,0,0,0,0,0,1,0,0,0,12.3,76,0.88889,0
7/28/2025,219,12,0,1,0,0,0,0,0,1,1,0,0,0,0,0,0,0,0,0,12.8,68,0.88889,0
7/29/2025,151,12,0,1,0,0,0,0,0,1,0,1,0,0,0,0,0,0,0,0,13.3,63,1.33333,0
7/30/2025,247,12,0,1,0,0,0,0,0,1,0,0,1,0,0,0,0,0,0,0,12.7,90,2.69444,0
7/31/2025,176,12,0,1,0,0,0,0,0,1,0,0,0,1,0,0,0,0,0,0,12.2,81,2.22222,1
08/01/2025,73,12,0,1,0,0,0,0,0,1,0,0,0,0,1,0,0,1,0,0,14.3,53,2.69444,0
08/02/2025,0,12,0,1,0,0,0,0,0,1,0,0,0,0,0,1,0,1,0,0,17.5,49,4.02778,0
08/03/2025,225,12,0,1,0,0,0,0,0,1,0,0,0,0,0,0,1,0,0,0,16.6,64,3.13889,0
08/04/2025,241,12,0,1,0,0,0,0,0,1,1,0,0,0,0,0,0,0,0,0,13.2,61,2.22222,0
08/05/2025,247,12,0,1,0,0,0,0,0,1,0,1,0,0,0,0,0,0,0,0,13.2,65,1.33333,0
08/06/2025,217,12,0,1,0,0,0,0,0,1,0,0,1,0,0,0,0,0,0,0,13.2,62,2.22222,0
08/07/2025,187,12,0,1,0,0,0,0,0,1,0,0,0,1,0,0,0,0,0,0,12.8,89,4.47222,1
08/08/2025,112,12,0,1,0,0,0,0,0,1,0,0,0,0,1,0,0,1,0,0,12.4,87,2.22222,0
08/09/2025,4,12,0,1,0,0,0,0,0,1,0,0,0,0,0,1,0,1,0,0,12.5,73,2.22222,0
08/10/2025,212,12,0,1,0,0,0,0,0,1,0,0,0,0,0,0,1,0,0,0,13,72,2.22222,0
08/11/2025,181,12,0,1,0,0,0,0,0,1,1,0,0,0,0,0,0,0,0,0,12.5,81,1.77778,0
08/12/2025,220,12,0,1,0,0,0,0,0,1,0,1,0,0,0,0,0,0,0,0,13.7,72,2.69444,0
8/13/2025,163,12,0,1,0,0,0,0,0,1,0,0,1,0,0,0,0,0,0,0,12.4,77,2.22222,0
8/14/2025,187,12,0,1,0,0,0,0,0,1,0,0,0,1,0,0,0,0,0,0,10.9,69,5.80556,0
8/15/2025,88,12,0,1,0,0,0,0,0,1,0,0,0,0,1,0,0,1,0,0,9.8,80,4.47222,0
8/16/2025,1,12,0,1,0,0,0,0,0,1,0,0,0,0,0,1,0,1,0,0,11.2,86,2.22222,0
8/17/2025,213,12,0,1,0,0,0,0,0,1,0,0,0,0,0,0,1,0,0,0,12,82,2.56441,1
8/18/2025,211,12,0,1,0,0,0,0,0,1,1,0,0,0,0,0,0,0,0,0,12.1,75,1.29979,1
8/19/2025,220,1,0,1,0,0,1,0,0,0,0,1,0,0,0,0,0,0,0,0,11.3,72,1.9524,0
8/20/2025,175,1,0,1,0,0,1,0,0,0,0,0,1,0,0,0,0,0,0,0,9.6,75,2.47712,0
8/21/2025,197,1,0,1,0,0,1,0,0,0,0,0,0,1,0,0,0,0,0,0,10.5,64,3.45227,0
8/22/2025,84,1,0,1,0,0,1,0,0,0,0,0,0,0,1,0,0,1,0,0,12.4,54,2.26492,0
8/23/2025,0,1,0,1,0,0,1,0,0,0,0,0,0,0,0,1,0,1,0,0,11.9,62,2.5321,0
8/24/2025,193,1,0,1,0,0,1,0,0,0,0,0,0,0,0,0,1,0,0,0,10.8,62,7.67343,1
8/25/2025,235,1,0,1,0,0,1,0,0,0,1,0,0,0,0,0,0,0,0,0,8.7,66,7.95151,1
8/26/2025,172,1,0,1,0,0,1,0,0,0,0,1,0,0,0,0,0,0,0,0,9,69,3.44724,1
8/27/2025,235,1,0,1,0,0,1,0,0,0,0,0,1,0,0,0,0,0,0,0,10.6,47,3.24065,0
8/28/2025,263,1,0,1,0,0,1,0,0,0,0,0,0,1,0,0,0,0,0,0,12.8,37,4.20655,0
8/29/2025,76,1,0,1,0,0,1,0,0,0,0,0,0,0,1,0,0,1,0,0,14,28,3.14624,0
8/30/2025,0,1,0,1,0,0,1,0,0,0,0,0,0,0,0,1,0,1,0,0,16.7,27,2.25727,0
8/31/2025,208,1,0,1,0,0,1,0,0,0,0,0,0,0,0,0,1,0,0,0,16.8,52,3.19968,0
09/01/2025,229,1,0,1,0,0,1,0,0,0,1,0,0,0,0,0,0,0,0,0,15.1,60,1.95483,1
09/02/2025,211,1,0,1,0,0,1,0,0,0,0,1,0,0,0,0,0,0,0,0,None,None,None,None
09/03/2025,151,1,0,1,0,0,1,0,0,0,0,0,1,0,0,0,0,0,0,0,None,None,None,None
09/04/2025,211,1,0,1,0,0,1,0,0,0,0,0,0,1,0,0,0,0,0,0,None,None,None,None
09/05/2025,73,1,0,1,0,0,1,0,0,0,0,0,0,0,1,0,0,1,0,0,None,None,None,None
09/06/2025,3,1,0,1,0,0,1,0,0,0,0,0,0,0,0,1,0,1,0,0,None,None,None,None
09/07/2025,217,1,0,1,0,0,1,0,0,0,0,0,0,0,0,0,1,0,0,0,None,None,None,None
09/08/2025,241,1,0,1,0,0,1,0,0,0,1,0,0,0,0,0,0,0,0,0,None,None,None,None
09/09/2025,197,1,0,1,0,0,1,0,0,0,0,1,0,0,0,0,0,0,0,0,None,None,None,None
09/10/2025,188,1,0,1,0,0,1,0,0,0,0,0,1,0,0,0,0,0,0,0,None,None,None,None
09/11/2025,181,1,0,1,0,0,1,0,0,0,0,0,0,1,0,0,0,0,0,0,None,None,None,None
09/12/2025,75,1,0,1,0,0,1,0,0,0,0,0,0,0,1,0,0,1,0,0,None,None,None,None
9/13/2025,4,1,0,1,0,0,1,0,0,0,0,0,0,0,0,1,0,1,0,0,None,None,None,None
9/14/2025,196,1,0,1,0,0,1,0,0,0,0,0,0,0,0,0,1,0,0,0,None,None,None,None
9/15/2025,240,1,0,1,0,0,1,0,0,0,1,0,0,0,0,0,0,0,0,0,None,None,None,None
